Line 5 x;Line 5 y
2,031633335127E2;-8,939760930689E-4
2,044160993648E2;-6,590304599920E-4
2,052243353985E2;-6,189228675933E-4
2,060325714321E2;-6,176419863989E-4
2,068408074658E2;-6,163611052046E-4
2,076490434994E2;-6,150802240102E-4
2,084572795330E2;-6,137993428158E-4
2,092655155667E2;-6,125184616215E-4
2,100737516003E2;-6,112375804271E-4
2,108819876340E2;-6,099566992327E-4
2,116902236676E2;-6,086758180384E-4
2,124984597013E2;-6,073949368440E-4
2,133066957349E2;-6,061140556496E-4
2,141149317686E2;-6,048331744553E-4
2,149231678022E2;-6,035522932609E-4
2,157314038359E2;-6,022714120665E-4
2,165396398695E2;-6,009905308722E-4
2,173478759032E2;-5,997096496778E-4
2,181561119368E2;-5,984287684834E-4
2,189643479704E2;-5,971478872891E-4
2,197725840041E2;-5,958670060947E-4
2,205808200377E2;-5,945861249003E-4
2,213890560714E2;-5,933052437059E-4
2,221972921050E2;-5,920243625116E-4
2,230055281387E2;-5,907434813172E-4
2,238137641723E2;-5,894626001228E-4
2,246220002060E2;-5,881817189285E-4
2,254302362396E2;-5,869008377341E-4
2,262384722733E2;-5,856199565397E-4
2,270467083069E2;-5,843390753454E-4
2,278549443406E2;-5,830581941510E-4
2,286631803742E2;-5,817773129566E-4
2,294714164078E2;-5,804964317623E-4
2,302796524415E2;-5,792155505679E-4
2,310878884751E2;-5,779346693735E-4
2,318961245088E2;-5,766537881792E-4
2,327043605424E2;-5,753729069848E-4
2,335125965761E2;-5,740920257904E-4
2,343208326097E2;-5,728111445961E-4
2,351290686434E2;-5,715302634017E-4
2,359373046770E2;-5,702493822073E-4
2,367455407107E2;-5,689685010130E-4
2,375537767443E2;-5,676876198186E-4
2,383620127780E2;-5,664067386242E-4
2,391702488116E2;-5,651258574299E-4
2,399784848452E2;-5,638449762355E-4
2,407867208789E2;-5,625640950411E-4
2,415949569125E2;-5,612832138468E-4
2,424031929462E2;-5,600023326524E-4
2,432114289798E2;-5,587214514580E-4
2,440196650135E2;-5,574405702637E-4
2,448279010471E2;-5,561596890693E-4
2,456361370808E2;-5,548788078749E-4
2,464443731144E2;-5,535979266805E-4
2,472526091481E2;-5,523170454862E-4
2,480608451817E2;-5,510361642918E-4
2,488690812154E2;-5,497552830974E-4
2,496773172490E2;-5,484744019031E-4
2,504855532826E2;-5,471935207087E-4
2,512937893163E2;-5,459126395143E-4
2,521020253499E2;-5,446317583200E-4
2,529102613836E2;-5,433508771256E-4
2,537184974172E2;-5,420699959312E-4
2,545267334509E2;-5,407891147369E-4
2,553349694845E2;-5,395082335425E-4
2,561432055182E2;-5,382273523481E-4
2,569514415518E2;-5,369464711538E-4
2,577596775855E2;-5,356655899594E-4
2,585679136191E2;-5,343847087650E-4
2,593761496527E2;-5,331038275707E-4
2,601843856864E2;-5,318229463763E-4
2,609926217200E2;-5,305420651819E-4
2,618008577537E2;-5,292611839876E-4
2,626090937873E2;-5,279803027932E-4
2,634173298210E2;-5,266994215988E-4
2,642255658546E2;-5,254185404045E-4
2,650338018883E2;-5,241376592101E-4
2,658420379219E2;-5,228567780157E-4
2,666502739556E2;-5,215758968214E-4
2,674585099892E2;-5,202950156270E-4
2,682667460229E2;-5,190141344326E-4
2,690749820565E2;-5,177332532382E-4
2,698832180901E2;-5,164523720439E-4
2,706914541238E2;-5,151714908495E-4
2,714996901574E2;-5,138906096551E-4
2,723079261911E2;-5,126097284608E-4
2,731161622247E2;-5,113288472664E-4
2,739243982584E2;-5,100479660720E-4
2,747326342920E2;-5,087670848777E-4
2,755408703257E2;-5,074862036833E-4
2,763491063593E2;-5,062053224889E-4
2,771573423930E2;-5,049244412946E-4
2,779655784266E2;-5,036435601002E-4
2,787738144603E2;-5,023626789058E-4
2,795820504939E2;-5,010817977115E-4
2,803902865275E2;-4,998009165171E-4
2,811985225612E2;-4,985200353227E-4
2,820067585948E2;-4,972391541284E-4
2,828149946285E2;-4,959582729340E-4
2,836232306621E2;-4,946773917396E-4
2,844314666958E2;-4,933965105453E-4
2,852397027294E2;-4,921156293509E-4
2,860479387631E2;-4,908347481565E-4
2,868561747967E2;-4,895538669622E-4
2,876644108304E2;-4,882729857678E-4
2,884726468640E2;-4,869921045734E-4
2,892808828977E2;-4,857112233791E-4
2,900891189313E2;-4,844303421847E-4
2,908973549649E2;-4,831494609903E-4
2,917055909986E2;-4,818685797959E-4
2,925138270322E2;-4,805876986016E-4
2,933220630659E2;-4,793068174072E-4
2,941302990995E2;-4,780259362128E-4
2,949385351332E2;-4,767450550185E-4
2,957467711668E2;-4,754641738241E-4
2,965550072005E2;-4,741832926297E-4
2,973632432341E2;-4,729024114354E-4
2,981714792678E2;-4,716215302410E-4
2,989797153014E2;-4,703406490466E-4
2,997879513351E2;-4,690597678523E-4
3,005961873687E2;-4,677788866579E-4
3,014044234023E2;-4,664980054635E-4
3,022126594360E2;-4,652171242692E-4
3,030208954696E2;-4,639362430748E-4
3,038291315033E2;-4,626553618804E-4
3,046373675369E2;-4,613744806861E-4
3,054456035706E2;-4,600935994917E-4
3,062538396042E2;-4,588127182973E-4
3,070620756379E2;-4,575318371030E-4
3,078703116715E2;-4,562509559086E-4
3,086785477052E2;-4,549700747142E-4
3,094867837388E2;-4,536891935199E-4
3,102950197725E2;-4,524083123255E-4
3,111032558061E2;-4,511274311311E-4
3,119114918397E2;-4,498465499368E-4
3,127197278734E2;-4,485656687424E-4
3,135279639070E2;-4,472847875480E-4
3,143361999407E2;-4,460039063536E-4
3,151444359743E2;-4,447230251593E-4
3,159526720080E2;-4,434421439649E-4
3,167609080416E2;-4,421612627705E-4
3,175691440753E2;-4,408803815762E-4
3,183773801089E2;-4,395995003818E-4
3,191856161426E2;-4,383186191874E-4
3,199938521762E2;-4,370377379931E-4
3,208020882099E2;-4,357568567987E-4
3,216103242435E2;-4,344759756043E-4
3,224185602771E2;-4,331950944100E-4
3,232267963108E2;-4,319142132156E-4
3,240350323444E2;-4,306333320212E-4
3,248432683781E2;-4,293524508269E-4
3,256515044117E2;-4,280715696325E-4
3,264597404454E2;-4,267906884381E-4
3,272679764790E2;-4,255098072438E-4
3,280762125127E2;-4,242289260494E-4
3,288844485463E2;-4,229480448550E-4
3,296926845800E2;-4,216671636607E-4
3,305009206136E2;-4,203862824663E-4
3,313091566473E2;-4,191054012719E-4
3,321173926809E2;-4,178245200776E-4
3,329256287145E2;-4,165436388832E-4
3,337338647482E2;-4,152627576888E-4
3,345421007818E2;-4,139818764945E-4
3,353503368155E2;-4,127009953001E-4
3,361585728491E2;-4,114201141057E-4
3,369668088828E2;-4,101392329113E-4
3,377750449164E2;-4,088583517170E-4
3,385832809501E2;-4,075774705226E-4
3,393915169837E2;-4,062965893282E-4
3,401997530174E2;-4,050157081339E-4
3,410079890510E2;-4,037348269395E-4
3,418162250847E2;-4,024539457451E-4
3,426244611183E2;-4,011730645508E-4
3,434326971519E2;-3,998921833564E-4
3,442409331856E2;-3,986113021620E-4
3,450491692192E2;-3,973304209677E-4
3,458574052529E2;-3,960495397733E-4
3,466656412865E2;-3,947686585789E-4
3,474738773202E2;-3,934877773846E-4
3,482821133538E2;-3,922068961902E-4
3,490903493875E2;-3,909260149958E-4
3,498985854211E2;-3,896451338015E-4
3,507068214548E2;-3,883642526071E-4
3,515150574884E2;-3,870833714127E-4
3,523232935221E2;-3,858024902184E-4
3,531315295557E2;-3,845216090240E-4
3,539397655893E2;-3,832407278296E-4
3,547480016230E2;-3,819598466353E-4
3,555562376566E2;-3,806789654409E-4
3,563644736903E2;-3,793980842465E-4
3,571727097239E2;-3,781172030522E-4
3,579809457576E2;-3,768363218578E-4
3,587891817912E2;-3,755554406634E-4
3,595974178249E2;-3,742745594691E-4
3,604056538585E2;-3,729936782747E-4
3,612138898922E2;-3,717127970803E-4
3,620221259258E2;-3,704319158859E-4
3,628303619595E2;-3,691510346916E-4
3,636385979931E2;-3,678701534972E-4
3,644468340267E2;-3,665892723028E-4
3,652550700604E2;-3,653083911085E-4
3,660633060940E2;-3,640275099141E-4
3,668715421277E2;-3,627466287197E-4
3,676797781613E2;-3,614657475254E-4
3,684880141950E2;-3,601848663310E-4
3,692962502286E2;-3,589039851366E-4
3,701044862623E2;-3,576231039423E-4
3,709127222959E2;-3,563422227479E-4
3,717209583296E2;-3,550613415535E-4
3,725291943632E2;-3,537804603592E-4
3,733374303969E2;-3,524995791648E-4
3,741456664305E2;-3,512186979704E-4
3,749539024641E2;-3,499378167761E-4
3,757621384978E2;-3,486569355817E-4
3,765703745314E2;-3,473760543873E-4
3,773786105651E2;-3,460951731930E-4
3,781868465987E2;-3,448142919986E-4
3,789950826324E2;-3,435334108042E-4
3,798033186660E2;-3,422525296099E-4
3,806115546997E2;-3,409716484155E-4
3,814197907333E2;-3,396907672211E-4
3,822280267670E2;-3,384098860268E-4
3,830362628006E2;-3,371290048324E-4
3,838444988342E2;-3,358481236380E-4
3,846527348679E2;-3,345672424436E-4
3,854609709015E2;-3,332863612493E-4
3,862692069352E2;-3,320054800549E-4
3,870774429688E2;-3,307245988605E-4
3,878856790025E2;-3,294437176662E-4
3,886939150361E2;-3,281628364718E-4
3,895021510698E2;-3,268819552774E-4
3,903103871034E2;-3,256010740831E-4
3,911186231371E2;-3,243201928887E-4
3,919268591707E2;-3,230393116943E-4
3,927350952044E2;-3,217584305000E-4
3,935433312380E2;-3,204775493056E-4
3,943515672716E2;-3,191966681112E-4
3,951598033053E2;-3,179157869169E-4
3,959680393389E2;-3,166349057225E-4
3,967762753726E2;-3,153540245281E-4
3,975845114062E2;-3,140731433338E-4
3,983927474399E2;-3,127922621394E-4
3,992009834735E2;-3,115113809450E-4
4,000092195072E2;-3,102304997507E-4
4,008174555408E2;-3,089496185563E-4
4,016256915745E2;-3,076687373619E-4
4,024339276081E2;-3,063878561676E-4
4,032421636418E2;-3,051069749732E-4
4,040503996754E2;-3,038260937788E-4
4,048586357090E2;-3,025452125845E-4
4,056668717427E2;-3,012643313901E-4
4,064751077763E2;-2,999834501957E-4
4,072833438100E2;-2,987025690013E-4
4,080915798436E2;-2,974216878070E-4
4,088998158773E2;-2,961408066126E-4
4,097080519109E2;-2,948599254182E-4
4,105162879446E2;-2,935790442239E-4
4,113245239782E2;-2,922981630295E-4
4,121327600119E2;-2,910172818351E-4
4,129409960455E2;-2,897364006408E-4
4,138213960107E2;-2,883411550541E-4
4,148028254802E2;-2,285457325116E-4
4,159326239929E2;-6,601265919911E-5
4,166760262010E2;3,667967554680E-5
4,175089073107E2;4,073513220317E-5
4,183105611190E2;1,173839574436E-5
4,190379298136E2;-8,015179934179E-5
4,199805875707E2;-2,203400873602E-4
4,208357301599E2;-2,772249361172E-4
4,217594284840E2;-2,757610718951E-4
4,226398284493E2;-2,743658263084E-4
4,235202284145E2;-2,729705807216E-4
4,245016578839E2;-2,714152249856E-4
4,256557034777E2;-2,695863096231E-4
4,265062406959E2;-1,907866648938E-4
4,274501196888E2;5,632685900760E-4
4,280864976678E2;1,481065697126E-3
4,298363434835E2;5,135573302942E-3
4,305564411874E2;7,419793389297E-3
4,309763390506E2;8,991276639439E-3
4,310588880093E2;9,276940707927E-3
4,314127834611E2;1,088508747026E-2
4,322086695576E2;1,468022092743E-2
4,325474268621E2;1,650664424051E-2
4,332051559280E2;2,048867940220E-2
4,334655654071E2;2,237057127334E-2
4,337393812685E2;2,468981320611E-2
4,340645683330E2;2,732057919420E-2
4,343240941500E2;2,907438932380E-2
4,347866834549E2;3,158591642009E-2
4,353964554599E2;3,449910961090E-2
4,358656003162E2;3,676362713044E-2
4,362656158267E2;3,890452104831E-2
4,366105964268E2;4,110854762967E-2
4,369052975344E2;4,332861035681E-2
4,371951431065E2;4,575135133574E-2
4,374244366397E2;4,795164693741E-2
4,377210539485E2;5,088747068252E-2
4,379431270935E2;5,309728357963E-2
4,382562849136E2;5,612374212670E-2
4,384637413580E2;5,855623659977E-2
4,386226960146E2;6,093564818345E-2
4,387631011205E2;6,312314858228E-2
4,389314836275E2;6,571703974098E-2
4,390480561323E2;6,745851779400E-2
4,392101978891E2;6,996117762447E-2
4,393741922459E2;7,249152721055E-2
4,395356353526E2;7,584782279179E-2
4,396045191055E2;7,834272463773E-2
4,397152433601E2;8,144833106812E-2
4,398509698657E2;8,338947833141E-2
4,401355068651E2;8,618094143291E-2
4,404977807355E2;8,929887186264E-2
4,407034039645E2;9,096043877125E-2
4,407750253649E2;1,036805382376E-1
4,408501789451E2;1,053401162594E-1
4,410217458288E2;1,090678580827E-1
4,411511598127E2;1,124337843703E-1
4,412076080437E2;1,147176240039E-1
4,412292572231E2;1,171670691229E-1
4,412292572231E2;1,190307512607E-1
4,412292572231E2;1,210756247175E-1
4,412292572231E2;1,234000504949E-1
4,412593823844E2;1,263305972105E-1
4,413172243268E2;1,282987089775E-1
4,414287139564E2;1,305368337672E-1
4,415940859883E2;1,333068522357E-1
4,417539983450E2;1,357214211593E-1
4,418734784899E2;1,378235239350E-1
4,419847334046E2;1,407541992239E-1
4,420262677563E2;1,430786908244E-1
4,420374932568E2;1,451235820712E-1
4,420374932568E2;1,469872642090E-1
4,420374932568E2;1,488509463468E-1
4,420374932568E2;1,507146284846E-1
4,420374932568E2;1,525783106224E-1
4,420374932568E2;1,544419927602E-1
4,420374932568E2;1,563056748980E-1
4,420374932568E2;1,581693570358E-1
4,420374932568E2;1,600330391736E-1
4,420374932568E2;1,620779126304E-1
4,420374932568E2;1,644023384078E-1
4,420749660183E2;1,673328967678E-1
4,421428088612E2;1,693010243841E-1
4,422671823038E2;1,715391695918E-1
4,424431420237E2;1,743325008663E-1
4,425991764802E2;1,767470636443E-1
4,426141049379E2;1,885373308069E-1
4,426271381813E2;1,902870410648E-1
4,426382820418E2;1,855892149205E-1
4,426818778036E2;1,789707651618E-1
4,426823599899E2;1,921854900299E-1
4,427042879845E2;1,823982815543E-1
4,427572519367E2;1,942023916371E-1
4,428229254880E2;1,959587539241E-1
4,429082713644E2;1,986059834155E-1
4,430159158957E2;2,008691966050E-1
4,431824943044E2;2,028995429248E-1
4,433635054995E2;2,047635119266E-1
4,435276784438E2;2,066274542434E-1
4,436388108984E2;2,084913125024E-1
4,436539653241E2;2,221790464421E-1
4,436665940121E2;2,198546406785E-1
4,436809065252E2;2,103550613528E-1
4,436840904853E2;2,251095931577E-1
4,437044800762E2;2,178098272630E-1
4,437213183269E2;2,122188075346E-1
4,437341609274E2;2,271752571649E-1
4,437423661402E2;2,159462051665E-1
4,437499433531E2;2,140825350370E-1
4,438085593055E2;2,293889320338E-1
4,438699606997E2;2,309704802065E-1
4,439868184213E2;2,335090513969E-1
4,441577657850E2;2,367683344812E-1
4,442534070490E2;2,389945508279E-1
4,443541559157E2;2,418575333328E-1
4,444116866056E2;2,439024979633E-1
4,444495726697E2;2,457662401425E-1
4,444622013577E2;2,476299422940E-1
4,444622013577E2;2,494936244318E-1
4,444622013577E2;2,513573065696E-1
4,444622013577E2;2,532209887074E-1
4,444622013577E2;2,550846708453E-1
4,444622013577E2;2,569483529831E-1
4,444622013577E2;2,588120351209E-1
4,444622013577E2;2,606757172587E-1
4,444622013577E2;2,625393993965E-1
4,444622013577E2;2,644030815343E-1
4,444622013577E2;2,662667636721E-1
4,444622013577E2;2,683116371288E-1
4,444622013577E2;2,706360629063E-1
4,445224516802E2;2,735666573638E-1
4,446066178137E2;2,756323754054E-1
4,447238898097E2;2,782363732129E-1
4,448112838633E2;2,803568457824E-1
4,449071954477E2;2,824926608375E-1
4,450211149728E2;2,850503688115E-1
4,450928367411E2;2,869556252089E-1
4,451905215845E2;2,898310369732E-1
4,452961685710E2;2,917101030411E-1
4,454259907550E2;2,934285000050E-1
4,456745554082E2;3,102515834461E-1
4,456828027146E2;3,057816119603E-1
4,458174837284E2;3,156759183202E-1
4,459397329049E2;3,183870209195E-1
4,460188945511E2;3,201987503374E-1
4,460786734250E2;3,250293986556E-1
4,460786734250E2;3,290929611350E-1
4,460786734250E2;3,319622719011E-1
4,460786734250E2;3,342034975831E-1
4,461087985863E2;3,369343640696E-1
4,461554150282E2;3,389024580466E-1
4,462524900947E2;3,411405599923E-1
4,463372001024E2;3,427302754838E-1
4,464463158546E2;3,445784429867E-1
4,465648396452E2;3,464168991120E-1
4,466830543702E2;3,485373543275E-1
4,468015956551E2;3,513579144920E-1
4,468644584577E2;3,536824398935E-1
4,468869094586E2;3,557273489303E-1
4,468869094586E2;3,575910310681E-1
4,468869094586E2;3,594547132059E-1
4,468869094586E2;3,613183953437E-1
4,468869094586E2;3,633632688005E-1
4,468869094586E2;3,656876945779E-1
4,469398121808E2;3,686182773911E-1
4,470144091640E2;3,706839802676E-1
4,470997541272E2;3,729695586968E-1
4,471553969221E2;3,747564760107E-1
4,472186127177E2;3,772462163295E-1
4,472935860149E2;3,795300784257E-1
4,474039399737E2;3,824282992071E-1
4,475496630062E2;3,861088074352E-1
4,476951454923E2;3,985933189810E-1
4,477095782786E2;4,008896644880E-1
4,477194844183E2;3,895193650838E-1
4,477204028683E2;3,961639162218E-1
4,477784066329E2;4,032328361650E-1
4,477926324035E2;3,912973720168E-1
4,478012264717E2;3,931710595434E-1
4,479057358811E2;4,060385451728E-1
4,479926212547E2;4,080998635430E-1
4,480768125082E2;4,097436610758E-1
4,482059057636E2;4,122274809543E-1
4,483001999675E2;4,143786301912E-1
4,483664304202E2;4,163640743185E-1
4,484528667738E2;4,190950233230E-1
4,484907528379E2;4,211399568211E-1
4,485033815259E2;4,234644026123E-1
4,485408542875E2;4,263949609722E-1
4,486086971303E2;4,283630885885E-1
4,487330705730E2;4,306012337963E-1
4,489090302928E2;4,333945650708E-1
4,490718000496E2;4,358091385228E-1
4,491881778744E2;4,378879403552E-1
4,492357125421E2;4,572342820167E-1
4,492445393068E2;4,551532297528E-1
4,492668790785E2;4,590369511110E-1
4,492914116587E2;4,408186029323E-1
4,493024330592E2;4,515225563944E-1
4,493116175596E2;4,431430607318E-1
4,493116175596E2;4,451879341885E-1
4,493116175596E2;4,470516163264E-1
4,493116175596E2;4,490964897831E-1
4,493311450687E2;4,609597516977E-1
4,494720945262E2;4,645121242509E-1
4,495765205042E2;4,669599918397E-1
4,496594735146E2;4,688838505353E-1
4,497445331157E2;4,709551407595E-1
4,498193367407E2;4,742782756012E-1
4,498336033313E2;4,768014696868E-1
4,498449308818E2;4,785645732974E-1
4,499734466014E2;4,807251285363E-1
4,501665162380E2;4,835233160228E-1
4,503452599979E2;4,856672009442E-1
4,506495185343E2;4,888555303771E-1
4,507108761928E2;5,044898641805E-1
4,508174674223E2;4,907701529449E-1
4,508236924725E2;5,069972778462E-1
4,509575383424E2;4,923447709869E-1
4,509815443910E2;5,138263453224E-1
4,509936008701E2;5,166972887731E-1
4,510508479320E2;5,187720377695E-1
4,512285300727E2;5,218136614591E-1
4,514210621712E2;5,249472567479E-1
4,515562863836E2;5,271538355003E-1
4,516620960574E2;5,291834471763E-1
4,517201609398E2;5,312048233901E-1
4,517363256605E2;5,340065844882E-1
4,517363256605E2;5,363310102656E-1
4,517363256605E2;5,383758837224E-1
4,517363256605E2;5,402395658602E-1
4,517363256605E2;5,421032479980E-1
4,517464286109E2;5,442697944942E-1
4,517679203418E2;5,474063208791E-1
4,518315540145E2;5,497234079786E-1
4,519476305675E2;5,519588862972E-1
4,520409602494E2;5,535646742957E-1
4,522292982049E2;5,566311339717E-1
4,523645224173E2;5,588377127242E-1
4,524703320911E2;5,608673244002E-1
4,525283969735E2;5,630336536691E-1
4,525445616942E2;5,663323966707E-1
4,525820344557E2;5,697599369340E-1
4,526498772986E2;5,718730176055E-1
4,527742507412E2;5,741111628133E-1
4,528780820414E2;5,757947564193E-1
4,530090013564E2;5,779324284378E-1
4,532178169722E2;5,813321588208E-1
4,533540223279E2;5,835077927685E-1
4,534898194835E2;5,857060704589E-1
4,535905181663E2;5,873872081347E-1
4,537855500226E2;5,900410750098E-1
4,539438203274E2;6,051338231467E-1
4,539974621832E2;5,924155255685E-1
4,540566366071E2;6,076412368124E-1
4,541887447112E2;6,166131528224E-1
4,541995211916E2;6,143192878028E-1
4,542212840840E2;6,185211187243E-1
4,543946262212E2;6,215312047901E-1
4,545576681113E2;6,240320798632E-1
4,546953092694E2;6,260524971608E-1
4,548157865887E2;6,278880990050E-1
4,549090194726E2;6,298562668591E-1
4,549692697951E2;6,327868613167E-1
4,549692697951E2;6,351112870941E-1
4,549692697951E2;6,373373518698E-1
4,549692697951E2;6,396617776472E-1
4,549993949564E2;6,425923243628E-1
4,550460113983E2;6,445604183398E-1
4,551262339159E2;6,464591031279E-1
4,552702093701E2;6,490369323155E-1
4,553675675974E2;6,506156581152E-1
4,555181530322E2;6,529237006203E-1
4,556403270730E2;6,549732541666E-1
4,558047060799E2;6,581577575166E-1
4,559438024785E2;6,612149059057E-1
4,560149683386E2;6,631547596339E-1
4,560761332983E2;6,650514274162E-1
4,561287211234E2;6,673801452824E-1
4,561715208952E2;6,704480880482E-1
4,561816238456E2;6,725680424909E-1
4,561816238456E2;6,744317246287E-1
4,561942525336E2;6,762954267803E-1
4,562321385977E2;6,781591689594E-1
4,562826533498E2;6,800229311523E-1
4,563612318531E2;6,820161601909E-1
4,565080052717E2;6,842424575711E-1
4,567703843368E2;6,873952885844E-1
4,569090362759E2;6,889670096493E-1
4,572836181057E2;6,928589025598E-1
4,574913992037E2;6,947887036913E-1
4,581696599783E2;7,166576294516E-1
4,581806473621E2;7,132770018012E-1
4,581909884292E2;7,189820890301E-1
4,582022139297E2;7,210269802769E-1
4,582050458173E2;7,112828514056E-1
4,582134394302E2;7,230718715236E-1
4,582445384400E2;7,096068049511E-1
4,582522184318E2;7,254980141468E-1
4,582813852949E2;7,080184206561E-1
4,583760391036E2;7,289381001132E-1
4,584739220660E2;7,308482745051E-1
4,586002089463E2;7,327028030729E-1
4,589563270147E2;7,378013146250E-1
4,591745213783E2;7,413464887250E-1
4,592875497415E2;7,433178994184E-1
4,594127685678E2;7,452531359888E-1
4,596775289732E2;7,488274787073E-1
4,599298996751E2;7,525297786649E-1
4,600408148396E2;7,545698975224E-1
4,601230865811E2;7,563782657238E-1
4,602062719131E2;7,587070320805E-1
4,603440394189E2;7,620313816437E-1
4,605089012007E2;7,646619761134E-1
4,607954794805E2;7,678442036254E-1
4,610082974751E2;7,699202516141E-1
4,612047680309E2;7,717910804098E-1
4,614798268090E2;7,745424196228E-1
4,616489382446E2;7,764589230923E-1
4,618161836230E2;7,785791377776E-1
4,619090782840E2;7,802428835101E-1
4,624881963581E2;7,868077147571E-1
4,626676768031E2;7,886019697379E-1
4,628022356212E2;7,901139403553E-1
4,629795142612E2;7,921424673016E-1
4,629891361188E2;7,921424825502E-1
4,631151343914E2;7,960080362055E-1
4,631465016469E2;7,950305402613E-1
4,634788406065E2;8,047501692961E-1
4,637057317826E2;8,062965379162E-1
4,639526004619E2;8,082785537263E-1
4,641956168470E2;8,103312757550E-1
4,644535841185E2;8,124050988351E-1
4,646338388165E2;8,139394468660E-1
4,648776299219E2;8,160779011298E-1
4,651759243271E2;8,184996130036E-1
4,653781779835E2;8,201249618900E-1
4,657516713868E2;8,233040218587E-1
4,659759346819E2;8,252498514996E-1
4,665217438028E2;8,294658893255E-1
4,667762406132E2;8,313737691222E-1
4,671762493951E2;8,341128082697E-1
4,675083765008E2;8,362900020520E-1
4,677595667588E2;8,379199945236E-1
4,680099701344E2;8,395698980826E-1
4,682525147485E2;8,412624697557E-1
4,684554791470E2;8,428261674264E-1
4,686593990494E2;8,443909528348E-1
4,688473827502E2;8,459448815680E-1
4,691702655620E2;8,485136199771E-1
4,693767643704E2;8,501801123448E-1
4,696470927490E2;8,520516184592E-1
4,700929054818E2;8,548367548377E-1
4,704364375165E2;8,567907440429E-1
4,708263541886E2;8,588196509496E-1
4,711484232543E2;8,604042437698E-1
4,715851604256E2;8,624614106447E-1
4,720425024058E2;8,645311519717E-1
4,724696209236E2;8,664144446793E-1
4,729459087035E2;8,683998327195E-1
4,735049182167E2;8,702752251843E-1
4,740039281589E2;8,718872404828E-1
4,744104079044E2;8,732251371092E-1
4,760844361741E2;8,786388605353E-1
4,766773675253E2;8,804643730335E-1
4,773175355326E2;8,823345933225E-1
4,778022584742E2;8,836645103748E-1
4,795800570196E2;8,877672268111E-1
4,810797838821E2;8,909456285338E-1
4,825780820444E2;8,936359879982E-1
4,834219335296E2;8,951009746780E-1
4,845213182253E2;8,970355812453E-1
4,853376285450E2;8,985230729909E-1
4,865103356081E2;9,006390103502E-1
4,879844871695E2;9,031409980788E-1
4,894914629465E2;9,053620244944E-1
4,900927505430E2;9,062412523534E-1
4,924744832564E2;9,091917686946E-1
4,944459009385E2;9,107284847088E-1
4,954228559077E2;9,113368829625E-1
4,962778555147E2;9,118319306414E-1
4,977530197262E2;9,125488790586E-1
4,985462252520E2;9,129398487283E-1
4,992367247379E2;9,132856435389E-1
5,004590796888E2;9,138928067779E-1
5,017911724109E2;9,146593726627E-1
5,025337854323E2;9,151069502730E-1
5,034434479559E2;9,156251090923E-1
5,042635509472E2;9,160325674682E-1
5,056320504756E2;9,165966930938E-1
5,068076440959E2;9,170335291016E-1
5,079458762005E2;9,173771445480E-1
5,090220955453E2;9,175636182081E-1
5,102187338951E2;9,177406819197E-1
5,111551107174E2;9,179377740633E-1
5,119883351177E2;9,181170507056E-1
5,129391976471E2;9,183100325402E-1
5,136692158369E2;9,184890833466E-1
5,148464910796E2;9,187794522641E-1
5,159279124019E2;9,189638178730E-1
5,169448323333E2;9,190234700040E-1
5,182853604268E2;9,190748015405E-1
5,191190909160E2;9,190607665255E-1
5,198081182300E2;9,189716234025E-1
5,215585191529E2;9,185764876237E-1
5,222741633112E2;9,183837442109E-1
5,230962878645E2;9,181770972881E-1
5,238076359233E2;9,179871417367E-1
5,244901914892E2;9,177681233100E-1
5,255821108347E2;9,174573627434E-1
5,274926993448E2;9,172671491837E-1
5,283015909336E2;9,172963991359E-1
5,291028992298E2;9,173648648485E-1
5,304331654437E2;9,175195108108E-1
5,312471423909E2;9,176163833760E-1
5,328072982354E2;9,177481482280E-1
5,344482623037E2;9,177662794894E-1
5,353079315395E2;9,177676418812E-1
5,366011091934E2;9,177696912912E-1
5,374093452270E2;9,177709721724E-1
5,382175812607E2;9,177722530535E-1
5,390258172943E2;9,177735339347E-1
5,398340533279E2;9,177903455004E-1
5,406422893616E2;9,178226877506E-1
5,414505253952E2;9,178860913697E-1
5,422587614289E2;9,179650256733E-1
5,430669974625E2;9,180789040170E-1
5,438752334962E2;9,181966650318E-1
5,446834695298E2;9,183416047444E-1
5,454917055635E2;9,184826617860E-1
5,462999415971E2;9,186004228008E-1
5,471081776308E2;9,186890637822E-1
5,479164136644E2;9,187194646968E-1
5,487246496981E2;9,187207455780E-1
5,495328857317E2;9,187220264592E-1
5,503411217653E2;9,187233073404E-1
5,511493577990E2;9,187245882216E-1
5,519575938326E2;9,187258691028E-1
5,527658298663E2;9,187271499839E-1
5,535740658999E2;9,187284308651E-1
5,543823019336E2;9,187297117463E-1
5,551905379672E2;9,187309926275E-1
5,559987740009E2;9,187322735087E-1
5,568070100345E2;9,187335543899E-1
5,576152460682E2;9,187348352711E-1
5,584234821018E2;9,187361161523E-1
5,592317181355E2;9,187373970335E-1
5,600399541691E2;9,187386779147E-1
5,608481902027E2;9,187399587959E-1
5,616564262364E2;9,187412396771E-1
5,624646622700E2;9,187425205583E-1
5,632728983037E2;9,187438014395E-1
5,640811343373E2;9,187450823207E-1
5,648893703710E2;9,187463632019E-1
5,656976064046E2;9,187476440831E-1
5,665058424383E2;9,187489249643E-1
5,673140784719E2;9,187502058454E-1
5,681223145056E2;9,187514867266E-1
5,689305505392E2;9,187527676078E-1
5,697387865729E2;9,187540484890E-1
5,705470226065E2;9,187553293702E-1
5,713552586401E2;9,187566102514E-1
5,721634946738E2;9,187578911326E-1
5,729717307074E2;9,187591720138E-1
5,737799667411E2;9,187604528950E-1
5,745882027747E2;9,187617337762E-1
5,753964388084E2;9,187630146574E-1
5,762046748420E2;9,187642955386E-1
5,770129108757E2;9,187655764198E-1
5,778211469093E2;9,187668573010E-1
5,786293829430E2;9,187681381822E-1
5,794376189766E2;9,187694190634E-1
5,802458550103E2;9,187706999446E-1
5,810540910439E2;9,187719808257E-1
5,818623270775E2;9,187732617069E-1
5,826705631112E2;9,187745425881E-1
5,834787991448E2;9,187758234693E-1
5,842870351785E2;9,187771043505E-1
5,850952712121E2;9,187783852317E-1
5,859035072458E2;9,187796661129E-1
5,867117432794E2;9,187809469941E-1
5,875199793131E2;9,187822278753E-1
5,883282153467E2;9,187835087565E-1
5,891364513804E2;9,187847896377E-1
5,899446874140E2;9,187860705189E-1
5,907529234477E2;9,187873514001E-1
5,915611594813E2;9,187886322813E-1
5,923693955149E2;9,187899131625E-1
5,931776315486E2;9,187911940437E-1
5,939858675822E2;9,187924749249E-1
5,947941036159E2;9,187937558061E-1
5,956023396495E2;9,187950366872E-1
5,964105756832E2;9,187963175684E-1
5,972188117168E2;9,187975984496E-1
5,980270477505E2;9,187988793308E-1
5,988352837841E2;9,188001602120E-1
5,996435198178E2;9,188014410932E-1
6,004517558514E2;9,188027219744E-1
6,012599918851E2;9,188040028556E-1
6,020682279187E2;9,188052837368E-1
6,028764639523E2;9,188065646180E-1
6,036846999860E2;9,188078454992E-1
6,044929360196E2;9,188091263804E-1
6,053011720533E2;9,188104072616E-1
6,061094080869E2;9,188116881428E-1
6,069176441206E2;9,188129690240E-1
6,077258801542E2;9,188142499052E-1
6,085341161879E2;9,188155307864E-1
6,093423522215E2;9,188168116676E-1
6,101505882552E2;9,188180925487E-1
6,109588242888E2;9,188193734299E-1
6,117670603225E2;9,188206543111E-1
6,125752963561E2;9,188219351923E-1
6,133835323897E2;9,188232160735E-1
6,141917684234E2;9,188244969547E-1
6,150000044570E2;9,188257778359E-1
6,158082404907E2;9,188270587171E-1
6,166164765243E2;9,188283395983E-1
6,174247125580E2;9,188296204795E-1
6,182329485916E2;9,188309013607E-1
6,190411846253E2;9,188321822419E-1
6,198494206589E2;9,188334631231E-1
6,206576566926E2;9,188347440043E-1
6,214658927262E2;9,188360248855E-1
6,222741287598E2;9,188373057667E-1
6,230823647935E2;9,188385866479E-1
6,238906008271E2;9,188398675291E-1
6,246988368608E2;9,188411484102E-1
6,255070728944E2;9,188424292914E-1
6,263153089281E2;9,188437101726E-1
6,271235449617E2;9,188449910538E-1
6,279317809954E2;9,188462719350E-1
6,287400170290E2;9,188475528162E-1
6,295482530627E2;9,188488336974E-1
6,303564890963E2;9,188501145786E-1
6,311647251300E2;9,188513954598E-1
6,319729611636E2;9,188526763410E-1
6,327811971972E2;9,188539572222E-1
6,335894332309E2;9,188261180700E-1
6,343976692645E2;9,187400388510E-1
6,352059052982E2;9,186248395985E-1
6,360141413318E2;9,184863443194E-1
6,368223773655E2;9,183594970536E-1
6,376306133991E2;9,182753591702E-1
6,384388494328E2;9,182261653268E-1
6,392470854664E2;9,182274462080E-1
6,400553215001E2;9,182792018138E-1
6,408635575337E2;9,183659014596E-1
6,416717935674E2;9,184953104878E-1
6,424800296010E2;9,186363675293E-1
6,432882656346E2;9,187541285441E-1
6,440965016683E2;9,188427695255E-1
6,449047377019E2;9,188731704401E-1
6,457129737356E2;9,188744513213E-1
6,465212097692E2;9,188757322025E-1
6,473294458029E2;9,188770130837E-1
6,481376818365E2;9,188782939649E-1
6,489459178702E2;9,188795748461E-1
6,497541539038E2;9,188808557273E-1
6,505623899375E2;9,188821366085E-1
6,513706259711E2;9,188834174897E-1
6,521788620048E2;9,188846983709E-1
6,529870980384E2;9,188859792520E-1
6,537953340720E2;9,188872601332E-1
6,546035701057E2;9,188885410144E-1
6,554118061393E2;9,188898218956E-1
6,562200421730E2;9,188911027768E-1
6,570282782066E2;9,188923836580E-1
6,578365142403E2;9,188936645392E-1
6,586447502739E2;9,188949454204E-1
6,594529863076E2;9,188962263016E-1
6,602612223412E2;9,188975071828E-1
6,610694583749E2;9,188987880640E-1
6,618776944085E2;9,189000689452E-1
6,626859304422E2;9,189013498264E-1
6,634941664758E2;9,189026307076E-1
6,643024025094E2;9,189039115888E-1
6,651106385431E2;9,189051924700E-1
6,659188745767E2;9,189064733512E-1
6,667271106104E2;9,189077542324E-1
6,675353466440E2;9,189090351135E-1
6,683435826777E2;9,189103159947E-1
6,691518187113E2;9,189115968759E-1
6,699600547450E2;9,189128777571E-1
6,707682907786E2;9,189141586383E-1
6,715765268123E2;9,189154395195E-1
6,723847628459E2;9,189167204007E-1
6,731929988796E2;9,189180012819E-1
6,740012349132E2;9,189192821631E-1
6,748094709468E2;9,189205630443E-1
6,757591482864E2;9,188987720530E-1
6,771812763256E2;9,187176225567E-1
6,782520257902E2;9,184975130535E-1
6,793440946594E2;9,182665532734E-1
6,802631465310E2;9,181174091972E-1
6,822800415078E2;9,180911568909E-1
6,835442971438E2;9,183659128324E-1
6,842684936906E2;9,185404578457E-1
6,852961686334E2;9,187522620852E-1
6,861919651407E2;9,188691373463E-1
6,874628550736E2;9,189406159510E-1
6,884709050156E2;9,189422134945E-1
6,893577195525E2;9,189436189058E-1
6,901659555861E2;9,189448997870E-1
6,909741916198E2;9,189461806682E-1
6,917824276534E2;9,189474615494E-1
6,925906636871E2;9,189487424306E-1
6,933988997207E2;9,189500233118E-1
6,942071357544E2;9,189513041930E-1
6,950153717880E2;9,189525850742E-1
6,958236078216E2;9,189538659553E-1
6,966318438553E2;9,189551468365E-1
6,974400798889E2;9,189564277177E-1
6,982483159226E2;9,189285885655E-1
6,990565519562E2;9,188425093465E-1
6,998647879899E2;9,187564301275E-1
7,006730240235E2;9,186703509085E-1
7,014812600572E2;9,185396209716E-1
7,022894960908E2;9,184554830881E-1
7,030977321245E2;9,183713452047E-1
7,039059681581E2;9,183570954014E-1
7,047142041918E2;9,183739069671E-1
7,055224402254E2;9,184295452439E-1
7,063306762590E2;9,185162448898E-1
7,071389122927E2;9,186223578912E-1
7,079471483263E2;9,187401189060E-1
7,087553843600E2;9,188578799208E-1
7,095636203936E2;9,189465209023E-1
7,103718564273E2;9,189769218168E-1
7,111800924609E2;9,189782026980E-1
7,119883284946E2;9,189794835792E-1
7,127965645282E2;9,189807644604E-1
7,136048005619E2;9,189820453416E-1
7,144130365955E2;9,189833262228E-1
7,152212726292E2;9,189554870706E-1
7,160295086628E2;9,188694078516E-1
7,168377446964E2;9,187542085992E-1
7,176459807301E2;9,186623053735E-1
7,184542167637E2;9,186441728991E-1
7,192624527974E2;9,186260404247E-1
7,200706888310E2;9,186467346615E-1
7,208789248647E2;9,186674288983E-1
7,216871608983E2;9,187618938863E-1
7,224953969320E2;9,188796549012E-1
7,233036329656E2;9,189682958826E-1
7,241118689993E2;9,189986967972E-1
7,249201050329E2;9,189999776783E-1
7,257283410666E2;9,190012585595E-1
7,265365771002E2;9,190025394407E-1
7,273448131338E2;9,190038203219E-1
7,281530491675E2;9,190051012031E-1
7,289612852011E2;9,190063820843E-1
7,297695212348E2;9,190076629655E-1
7,305777572684E2;9,190089438467E-1
7,313859933021E2;9,190102247279E-1
7,321942293357E2;9,190115056091E-1
7,330024653694E2;9,190127864903E-1
7,338107014030E2;9,190140673715E-1
7,346189374367E2;9,190153482527E-1
7,354271734703E2;9,190166291339E-1
7,362354095039E2;9,190179100151E-1
7,370436455376E2;9,190191908963E-1
7,378518815712E2;9,190204717775E-1
7,386601176049E2;9,190217526587E-1
7,394683536385E2;9,190230335398E-1
7,402765896722E2;9,190243144210E-1
7,410848257058E2;9,190255953022E-1
7,418930617395E2;9,190268761834E-1
7,427012977731E2;9,190281570646E-1
7,435095338068E2;9,190294379458E-1
7,443177698404E2;9,190307188270E-1
7,451260058741E2;9,190319997082E-1
7,459342419077E2;9,190332805894E-1
7,467424779413E2;9,190345614706E-1
7,475507139750E2;9,190358423518E-1
7,483589500086E2;9,190371232330E-1
7,491671860423E2;9,190384041142E-1
7,499754220759E2;9,190396849954E-1
7,507836581096E2;9,190409658766E-1
7,515918941432E2;9,190422467578E-1
7,524001301769E2;9,190435276390E-1
7,532083662105E2;9,190448085201E-1
7,540166022442E2;9,190460894013E-1
7,548248382778E2;9,190473702825E-1
7,556330743115E2;9,190486511637E-1
7,564413103451E2;9,190499320449E-1
7,572495463787E2;9,190512129261E-1
7,580577824124E2;9,190524938073E-1
7,588660184460E2;9,190537746885E-1
7,596742544797E2;9,190550555697E-1
7,604824905133E2;9,190563364509E-1
7,612907265470E2;9,190576173321E-1
7,620989625806E2;9,190588982133E-1
7,629071986143E2;9,190601790945E-1
7,637154346479E2;9,190614599757E-1
7,645236706816E2;9,190627408569E-1
7,653319067152E2;9,190640217381E-1
7,661401427489E2;9,190653026193E-1
7,669483787825E2;9,190665835005E-1
7,677566148161E2;9,190678643816E-1
7,685648508498E2;9,190691452628E-1
7,693730868834E2;9,190704261440E-1
7,701813229171E2;9,190717070252E-1
7,709895589507E2;9,190729879064E-1
7,717977949844E2;9,190742687876E-1
7,726060310180E2;9,190755496688E-1
7,734142670517E2;9,190768305500E-1
7,742225030853E2;9,190781114312E-1
7,750307391190E2;9,190793923124E-1
7,758389751526E2;9,190806731936E-1
7,766472111863E2;9,190819540748E-1
7,774554472199E2;9,190832349560E-1
7,782636832535E2;9,190845158372E-1
7,790719192872E2;9,190857967184E-1
7,798801553208E2;9,190870775996E-1
7,806883913545E2;9,190883584808E-1
7,814966273881E2;9,190896393620E-1
7,823048634218E2;9,190909202431E-1
7,831130994554E2;9,190922011243E-1
7,839213354891E2;9,190934820055E-1
7,847295715227E2;9,190947628867E-1
7,855378075564E2;9,190960437679E-1
7,863460435900E2;9,190973246491E-1
7,871542796237E2;9,190986055303E-1
7,880410941606E2;9,190741264675E-1
7,890932297044E2;9,189863747848E-1
7,905850306831E2;9,187844085001E-1
7,912886168672E2;9,186765510181E-1
7,920312493267E2;9,185470729669E-1
7,927851656009E2;9,184189350355E-1
7,956856599788E2;9,181802848740E-1
7,964232774095E2;9,182695551773E-1
7,972706666281E2;9,184084623222E-1
7,980257002191E2;9,185587777671E-1
7,989388683285E2;9,187014750446E-1
7,997540403982E2;9,187830708484E-1
8,010160457007E2;9,188009997640E-1
8,020144244423E2;9,187637552695E-1
8,028068401086E2;9,186400536290E-1
8,035597107441E2;9,185192609041E-1
8,055699682653E2;9,183237245648E-1
8,068994246956E2;9,184378406478E-1
8,077245326228E2;9,185741483414E-1
8,087686059359E2;9,187704136217E-1
8,097645178149E2;9,189495177892E-1
8,106603143222E2;9,190663930502E-1
8,119312042551E2;9,191378716549E-1
8,129392541971E2;9,191394691984E-1
8,138260687340E2;9,191408746097E-1
8,146343047676E2;9,191421554909E-1
8,154425408013E2;9,191434363721E-1
8,162507768349E2;9,191447172533E-1
8,170590128686E2;9,191459981345E-1
8,178672489022E2;9,191472790157E-1
8,186754849359E2;9,191485598969E-1
8,194837209695E2;9,191498407781E-1
8,202919570031E2;9,191511216593E-1
8,211001930368E2;9,191524025405E-1
8,219084290704E2;9,191536834217E-1
8,227166651041E2;9,191549643029E-1
8,235249011377E2;9,191562451841E-1
8,243331371714E2;9,191575260653E-1
8,251413732050E2;9,191588069464E-1
8,259496092387E2;9,191600878276E-1
8,267578452723E2;9,191613687088E-1
8,275660813060E2;9,191626495900E-1
8,283743173396E2;9,191639304712E-1
8,291825533733E2;9,191652113524E-1
8,299907894069E2;9,191664922336E-1
8,307990254405E2;9,191677731148E-1
8,316072614742E2;9,191690539960E-1
8,324154975078E2;9,191703348772E-1
8,332237335415E2;9,191716157584E-1
8,340319695751E2;9,191728966396E-1
8,348402056088E2;9,191741775208E-1
8,356484416424E2;9,191754584020E-1
8,364566776761E2;9,191767392832E-1
8,372649137097E2;9,191780201644E-1
8,380731497434E2;9,191793010456E-1
8,388813857770E2;9,191805819268E-1
8,396896218107E2;9,191818628079E-1
8,404978578443E2;9,191831436891E-1
8,413060938779E2;9,191844245703E-1
8,421143299116E2;9,191857054515E-1
8,429225659452E2;9,191869863327E-1
8,437308019789E2;9,191882672139E-1
8,445390380125E2;9,191895480951E-1
8,453472740462E2;9,191908289763E-1
8,461555100798E2;9,191921098575E-1
8,469637461135E2;9,191933907387E-1
8,477719821471E2;9,191946716199E-1
8,485802181808E2;9,191959525011E-1
8,493884542144E2;9,191972333823E-1
8,501966902481E2;9,191985142635E-1
8,510049262817E2;9,191997951447E-1
8,518131623153E2;9,192010760259E-1
8,526213983490E2;9,192023569071E-1
8,534296343826E2;9,192036377883E-1
8,542378704163E2;9,192049186694E-1
8,550461064499E2;9,192061995506E-1
8,558543424836E2;9,192074804318E-1
8,566625785172E2;9,192087613130E-1
8,574708145509E2;9,192100421942E-1
8,582790505845E2;9,192113230754E-1
8,590872866182E2;9,192126039566E-1
8,598955226518E2;9,192138848378E-1
8,607037586854E2;9,192151657190E-1
8,615119947191E2;9,192164466002E-1
8,623202307527E2;9,192177274814E-1
8,631284667864E2;9,192190083626E-1
8,639367028200E2;9,192202892438E-1
8,647449388537E2;9,192215701250E-1
8,655531748873E2;9,192228510062E-1
8,663614109210E2;9,192241318874E-1
8,671696469546E2;9,192254127686E-1
8,679778829883E2;9,192266936497E-1
8,687861190219E2;9,192279745309E-1
8,695943550556E2;9,192292554121E-1
8,704025910892E2;9,192305362933E-1
8,712108271228E2;9,192318171745E-1
8,720190631565E2;9,192330980557E-1
8,728272991901E2;9,192343789369E-1
8,736355352238E2;9,192356598181E-1
8,744437712574E2;9,192369406993E-1
8,752520072911E2;9,192382215805E-1
8,760602433247E2;9,192395024617E-1
8,768684793584E2;9,192407833429E-1
8,776767153920E2;9,192420642241E-1
8,784849514257E2;9,192433451053E-1
8,792931874593E2;9,192446259865E-1
8,801014234930E2;9,192459068677E-1
8,809096595266E2;9,192471877489E-1
8,817178955602E2;9,192484686301E-1
8,825261315939E2;9,192497495112E-1
8,833343676275E2;9,192510303924E-1
8,841426036612E2;9,192523112736E-1
8,849508396948E2;9,192535921548E-1
8,857590757285E2;9,192548730360E-1
8,865673117621E2;9,192561539172E-1
8,873755477958E2;9,192574347984E-1
8,881837838294E2;9,192587156796E-1
8,889920198631E2;9,192599965608E-1
8,898002558967E2;9,192612774420E-1
8,906084919304E2;9,192625583232E-1
8,914167279640E2;9,192638392044E-1
8,922249639976E2;9,192651200856E-1
8,930332000313E2;9,192664009668E-1
8,938414360649E2;9,192676818480E-1
8,946496720986E2;9,192689627292E-1
8,954579081322E2;9,192702436104E-1
8,962661441659E2;9,192715244916E-1
8,970743801995E2;9,192728053727E-1
8,978826162332E2;9,192740862539E-1
8,986908522668E2;9,192753671351E-1
8,994990883005E2;9,192766480163E-1
9,003073243341E2;9,192779288975E-1
9,011155603678E2;9,192792097787E-1
9,019237964014E2;9,192804906599E-1
9,027320324350E2;9,192817715411E-1
9,035402684687E2;9,192830524223E-1
9,043485045023E2;9,192843333035E-1
9,051567405360E2;9,192856141847E-1
9,059649765696E2;9,192868950659E-1
9,067732126033E2;9,192881759471E-1
9,075814486369E2;9,192894568283E-1
9,083896846706E2;9,192907377095E-1
9,091979207042E2;9,192920185907E-1
9,100061567379E2;9,192932994719E-1
9,108143927715E2;9,192945803531E-1
9,116226288052E2;9,192958612342E-1
9,124308648388E2;9,192971421154E-1
9,132391008724E2;9,192984229966E-1
9,140473369061E2;9,192997038778E-1
9,148555729397E2;9,193009847590E-1
9,156638089734E2;9,193022656402E-1
9,164720450070E2;9,193035465214E-1
9,172802810407E2;9,193048274026E-1
9,180885170743E2;9,193061082838E-1
9,188967531080E2;9,193073891650E-1
9,197049891416E2;9,193086700462E-1
9,205132251753E2;9,193099509274E-1
9,213214612089E2;9,193112318086E-1
9,221296972426E2;9,193125126898E-1
9,229379332762E2;9,193137935710E-1
9,237461693098E2;9,193150744522E-1
9,245544053435E2;9,193163553334E-1
9,253626413771E2;9,193176362145E-1
9,261708774108E2;9,193189170957E-1
9,269791134444E2;9,193201979769E-1
9,277873494781E2;9,193214788581E-1
9,285955855117E2;9,193227597393E-1
9,294038215454E2;9,193240406205E-1
9,302120575790E2;9,193253215017E-1
9,310202936127E2;9,193266023829E-1
9,318285296463E2;9,193278832641E-1
9,326367656800E2;9,193291641453E-1
9,334450017136E2;9,193304450265E-1
9,342532377472E2;9,193317259077E-1
9,350614737809E2;9,193330067889E-1
9,358697098145E2;9,193342876701E-1
9,366779458482E2;9,193355685513E-1
9,374861818818E2;9,193368494325E-1
9,382944179155E2;9,193381303137E-1
9,391026539491E2;9,193394111949E-1
9,399108899828E2;9,193406920760E-1
9,407191260164E2;9,193419729572E-1
9,415273620501E2;9,193432538384E-1
9,423355980837E2;9,193445347196E-1
9,431438341174E2;9,193458156008E-1
9,439520701510E2;9,193470964820E-1
9,447603061846E2;9,193483773632E-1
9,455685422183E2;9,193496582444E-1
9,463767782519E2;9,193509391256E-1
9,471850142856E2;9,193522200068E-1
9,479932503192E2;9,193535008880E-1
9,488014863529E2;9,193547817692E-1
9,496097223865E2;9,193560626504E-1
9,504179584202E2;9,193573435316E-1
9,512261944538E2;9,193586244128E-1
9,520344304875E2;9,193599052940E-1
9,528426665211E2;9,193611861752E-1
9,536509025548E2;9,193624670564E-1
9,544591385884E2;9,193637479375E-1
9,552673746220E2;9,193650288187E-1
9,560756106557E2;9,193663096999E-1
9,568838466893E2;9,193675905811E-1
9,576920827230E2;9,193688714623E-1
9,585003187566E2;9,193701523435E-1
9,593085547903E2;9,193714332247E-1
9,601167908239E2;9,193727141059E-1
9,609250268576E2;9,193739949871E-1
9,617332628912E2;9,193752758683E-1
9,625414989249E2;9,193765567495E-1
9,633497349585E2;9,193778376307E-1
9,641579709922E2;9,193791185119E-1
9,649662070258E2;9,193803993931E-1
9,657744430594E2;9,193816802743E-1
9,665826790931E2;9,193829611555E-1
9,673909151267E2;9,193842420367E-1
9,681991511604E2;9,193855229179E-1
9,690073871940E2;9,193868037990E-1
9,698156232277E2;9,193880846802E-1
9,706238592613E2;9,193893655614E-1
9,714320952950E2;9,193906464426E-1
9,722403313286E2;9,193919273238E-1
9,730485673623E2;9,193932082050E-1
9,738568033959E2;9,193944890862E-1
9,746650394296E2;9,193957699674E-1
9,754732754632E2;9,193970508486E-1
9,762815114968E2;9,193983317298E-1
9,770897475305E2;9,193996126110E-1
9,778979835641E2;9,194008934922E-1
9,787062195978E2;9,194021743734E-1
9,795144556314E2;9,194034552546E-1
9,803226916651E2;9,194047361358E-1
9,811309276987E2;9,194060170170E-1
9,819391637324E2;9,194072978982E-1
9,827473997660E2;9,194085787793E-1
9,835556357997E2;9,194098596605E-1
9,843638718333E2;9,194111405417E-1
9,851721078669E2;9,194124214229E-1
9,859803439006E2;9,194137023041E-1
9,867885799342E2;9,194149831853E-1
9,875968159679E2;9,194162640665E-1
9,884050520015E2;9,194175449477E-1
9,892132880352E2;9,194188258289E-1
9,900215240688E2;9,194201067101E-1
9,908297601025E2;9,194213875913E-1
9,916379961361E2;9,194226684725E-1
9,924462321698E2;9,194239493537E-1
9,932544682034E2;9,194252302349E-1
9,940627042371E2;9,194265111161E-1
9,948709402707E2;9,194277919973E-1
9,956791763043E2;9,194290728785E-1
9,964874123380E2;9,194303537597E-1
9,972956483716E2;9,194316346408E-1
9,981038844053E2;9,194329155220E-1
9,989121204389E2;9,194341964032E-1
9,997203564726E2;9,194354772844E-1
1,000528592506E3;9,194367581656E-1
1,001336828540E3;9,194380390468E-1
1,002145064574E3;9,194393199280E-1
1,002953300607E3;9,194406008092E-1
1,003761536641E3;9,194418816904E-1
1,004569772674E3;9,194431625716E-1
1,005378008708E3;9,194444434528E-1
1,006186244742E3;9,194457243340E-1
1,006994480775E3;9,194470052152E-1
1,007802716809E3;9,194482860964E-1
1,008610952843E3;9,194495669776E-1
1,009419188876E3;9,194508478588E-1
1,010227424910E3;9,194521287400E-1
1,011035660944E3;9,194534096212E-1
1,011843896977E3;9,194546905023E-1
1,012652133011E3;9,194559713835E-1
1,013460369045E3;9,194572522647E-1
1,014268605078E3;9,194585331459E-1
1,015076841112E3;9,194598140271E-1
1,015885077146E3;9,194610949083E-1
1,016693313179E3;9,194623757895E-1
1,017501549213E3;9,194636566707E-1
1,018309785246E3;9,194649375519E-1
1,019118021280E3;9,194662184331E-1
1,019926257314E3;9,194674993143E-1
1,020734493347E3;9,194687801955E-1
1,021542729381E3;9,194700610767E-1
1,022350965415E3;9,194713419579E-1
1,023159201448E3;9,194726228391E-1
1,023967437482E3;9,194739037203E-1
1,024775673516E3;9,194751846015E-1
1,025583909549E3;9,194764654827E-1
1,026392145583E3;9,194777463638E-1
1,027200381617E3;9,194790272450E-1
1,028008617650E3;9,194803081262E-1
1,028816853684E3;9,194815890074E-1
1,029625089717E3;9,194828698886E-1
1,030433325751E3;9,194841507698E-1
1,031241561785E3;9,194854316510E-1
1,032049797818E3;9,194867125322E-1
1,032858033852E3;9,194879934134E-1
1,033666269886E3;9,194892742946E-1
1,034474505919E3;9,194905551758E-1
1,035282741953E3;9,194627160236E-1
1,036090977987E3;9,193766368046E-1
1,036899214020E3;9,192614375521E-1
1,037707450054E3;9,191695343265E-1
1,038515686088E3;9,191514018520E-1
1,039323922121E3;9,191332693776E-1
1,040132158155E3;9,191539636144E-1
1,040940394189E3;9,191746578512E-1
1,041748630222E3;9,192691228393E-1
1,042556866256E3;9,193868838541E-1
1,043365102289E3;9,194755248355E-1
1,044173338323E3;9,195059257501E-1
1,044981574357E3;9,195072066313E-1
1,045789810390E3;9,195084875125E-1
1,046598046424E3;9,195097683937E-1
1,047406282458E3;9,195110492749E-1
1,048214518491E3;9,195123301561E-1
1,049022754525E3;9,195136110373E-1
1,049830990559E3;9,195148919185E-1
1,050639226592E3;9,195161727997E-1
1,051447462626E3;9,195174536809E-1
1,052255698660E3;9,195187345621E-1
1,053063934693E3;9,195200154433E-1
1,053872170727E3;9,195212963245E-1
1,054680406761E3;9,195225772056E-1
1,055488642794E3;9,195238580868E-1
1,056296878828E3;9,195251389680E-1
1,057105114861E3;9,195264198492E-1
1,057913350895E3;9,195277007304E-1
1,058721586929E3;9,195289816116E-1
1,059529822962E3;9,195302624928E-1
1,060338058996E3;9,195315433740E-1
1,061146295030E3;9,195328242552E-1
1,061954531063E3;9,195341051364E-1
1,062762767097E3;9,195353860176E-1
1,063571003131E3;9,195366668988E-1
1,064379239164E3;9,195379477800E-1
1,065187475198E3;9,195392286612E-1
1,065995711232E3;9,195405095424E-1
1,066803947265E3;9,195417904236E-1
1,067612183299E3;9,195430713048E-1
1,068420419332E3;9,195443521860E-1
1,069228655366E3;9,195456330671E-1
1,070036891400E3;9,195469139483E-1
1,070845127433E3;9,195481948295E-1
1,071653363467E3;9,195494757107E-1
1,072461599501E3;9,195507565919E-1
1,073269835534E3;9,195520374731E-1
1,074078071568E3;9,195533183543E-1
1,074886307602E3;9,195545992355E-1
1,075694543635E3;9,195267600833E-1
1,076502779669E3;9,194698008977E-1
1,077311015703E3;9,194419617455E-1
1,078119251736E3;9,194257706066E-1
1,078927487770E3;9,194212274811E-1
1,079735723804E3;9,194283323690E-1
1,080543959837E3;9,194470852703E-1
1,081352195871E3;9,194774861849E-1
1,082160431904E3;9,195370071329E-1
1,082968667938E3;9,195674080475E-1
1,083776903972E3;9,195686889286E-1
1,084585140005E3;9,195699698098E-1
1,085393376039E3;9,195712506910E-1
1,086201612073E3;9,195725315722E-1
1,087009848106E3;9,195738124534E-1
1,087818084140E3;9,195750933346E-1
1,088626320174E3;9,195763742158E-1
1,089434556207E3;9,195776550970E-1
1,090242792241E3;9,195789359782E-1
1,091051028275E3;9,195802168594E-1
1,091859264308E3;9,195814977406E-1
1,092667500342E3;9,195827786218E-1
1,093475736376E3;9,195840595030E-1
1,094283972409E3;9,195853403842E-1
1,095092208443E3;9,195866212654E-1
1,095900444476E3;9,195879021466E-1
1,096708680510E3;9,195891830278E-1
1,097516916544E3;9,195904639089E-1
1,098325152577E3;9,195917447901E-1
1,099133388611E3;9,195930256713E-1
1,099941624645E3;9,195943065525E-1
1,100749860678E3;9,195955874337E-1
1,101558096712E3;9,195968683149E-1
1,102366332746E3;9,195981491961E-1
1,103174568779E3;9,195994300773E-1
1,103982804813E3;9,196007109585E-1
1,104791040847E3;9,196019918397E-1
1,105599276880E3;9,196032727209E-1
1,106407512914E3;9,196045536021E-1
1,107215748948E3;9,196058344833E-1
1,108023984981E3;9,196071153645E-1
1,108832221015E3;9,196083962457E-1
1,109640457048E3;9,196096771269E-1
1,110448693082E3;9,196109580081E-1
1,111256929116E3;9,196122388893E-1
1,112065165149E3;9,196135197704E-1
1,112873401183E3;9,196148006516E-1
1,113681637217E3;9,196160815328E-1
1,114489873250E3;9,196173624140E-1
1,115298109284E3;9,196186432952E-1
1,116106345318E3;9,196199241764E-1
1,116914581351E3;9,196212050576E-1
1,117722817385E3;9,196224859388E-1
1,118531053419E3;9,196237668200E-1
1,119339289452E3;9,196250477012E-1
1,120147525486E3;9,196263285824E-1
1,120955761519E3;9,196276094636E-1
1,121763997553E3;9,196288903448E-1
1,122572233587E3;9,196301712260E-1
1,123380469620E3;9,196314521072E-1
1,124188705654E3;9,196327329884E-1
1,124996941688E3;9,196340138696E-1
1,125805177721E3;9,196352947508E-1
1,126613413755E3;9,196365756319E-1
1,127421649789E3;9,196378565131E-1
1,128229885822E3;9,196391373943E-1
1,129038121856E3;9,196404182755E-1
1,129846357890E3;9,196416991567E-1
1,130654593923E3;9,196429800379E-1
1,131462829957E3;9,196442609191E-1
1,132271065991E3;9,196455418003E-1
1,133079302024E3;9,196468226815E-1
1,133887538058E3;9,196481035627E-1
1,134695774091E3;9,196493844439E-1
1,135504010125E3;9,196506653251E-1
1,136312246159E3;9,196519462063E-1
1,137120482192E3;9,196532270875E-1
1,137928718226E3;9,196545079687E-1
1,138736954260E3;9,196557888499E-1
1,139545190293E3;9,196570697311E-1
1,140353426327E3;9,196583506123E-1
1,141161662361E3;9,196596314934E-1
1,141969898394E3;9,196609123746E-1
1,142778134428E3;9,196621932558E-1
1,143586370462E3;9,196634741370E-1
1,144394606495E3;9,196647550182E-1
1,145202842529E3;9,196660358994E-1
1,146011078563E3;9,196673167806E-1
1,146819314596E3;9,196685976618E-1
1,147627550630E3;9,196698785430E-1
1,148435786663E3;9,196711594242E-1
1,149244022697E3;9,196724403054E-1
1,150052258731E3;9,196737211866E-1
1,150860494764E3;9,196750020678E-1
1,151668730798E3;9,196762829490E-1
1,152476966832E3;9,196775638302E-1
1,153285202865E3;9,196788447114E-1
1,154093438899E3;9,196801255926E-1
1,154901674933E3;9,196814064737E-1
1,155709910966E3;9,196826873549E-1
1,156518147000E3;9,196839682361E-1
1,157326383034E3;9,196852491173E-1
1,158134619067E3;9,196865299985E-1
1,158942855101E3;9,196878108797E-1
1,159751091135E3;9,196890917609E-1
1,160559327168E3;9,196903726421E-1
1,161367563202E3;9,196916535233E-1
1,162175799235E3;9,196929344045E-1
1,162984035269E3;9,196942152857E-1
1,163792271303E3;9,196954961669E-1
1,164600507336E3;9,196967770481E-1
1,165408743370E3;9,196980579293E-1
1,166216979404E3;9,196993388105E-1
1,167025215437E3;9,197006196917E-1
1,167833451471E3;9,197019005729E-1
1,168641687505E3;9,197031814541E-1
1,169449923538E3;9,197044623352E-1
1,170258159572E3;9,197057432164E-1
1,171066395606E3;9,197070240976E-1
1,171874631639E3;9,197083049788E-1
1,172682867673E3;9,197095858600E-1
1,173491103706E3;9,197108667412E-1
1,174299339740E3;9,197121476224E-1
1,175107575774E3;9,197134285036E-1
1,175915811807E3;9,197147093848E-1
1,176724047841E3;9,197159902660E-1
1,177532283875E3;9,197172711472E-1
1,178340519908E3;9,197185520284E-1
1,179148755942E3;9,197198329096E-1
1,179956991976E3;9,197211137908E-1
1,180765228009E3;9,197223946720E-1
1,181573464043E3;9,197236755532E-1
1,182381700077E3;9,197249564344E-1
1,183189936110E3;9,197262373156E-1
1,183998172144E3;9,197275181967E-1
1,184806408178E3;9,197287990779E-1
1,185614644211E3;9,197300799591E-1
1,186422880245E3;9,197313608403E-1
1,187231116278E3;9,197326417215E-1
1,188039352312E3;9,197339226027E-1
1,188847588346E3;9,197352034839E-1
1,189655824379E3;9,197364843651E-1
1,190464060413E3;9,197377652463E-1
1,191272296447E3;9,197390461275E-1
1,192080532480E3;9,197403270087E-1
1,192888768514E3;9,197416078899E-1
1,193951021587E3;9,197432913337E-1
1,194847137253E3;9,197447114854E-1
