8.498008638692E2,9.142943587713E-1
8.491700989072E2,9.145517562256E-1
8.487332801030E2,9.149070170392E-1
8.482731679149E2,9.151405382188E-1
8.478131335938E2,9.152722092440E-1
8.474362731909E2,9.153750116016E-1
8.470462542879E2,9.155590199906E-1
8.466553742985E2,9.157817032577E-1
8.460748446843E2,9.161553074814E-1
8.453707704521E2,9.163408803314E-1
8.448030632982E2,9.165969820773E-1
8.443428532200E2,9.169585434510E-1
8.438827365824E2,9.171978846394E-1
8.435058183353E2,9.173763471117E-1
8.431157727350E2,9.175952755535E-1
8.427248927456E2,9.178179588207E-1
8.421443631314E2,9.181915630443E-1
8.414402888993E2,9.183771358944E-1
8.408725817453E2,9.186332376403E-1
8.404357629412E2,9.189884984539E-1
8.399756507530E2,9.192220196335E-1
8.395156164320E2,9.193536906587E-1
8.391387560291E2,9.194564930164E-1
8.387487371261E2,9.196405014053E-1
8.383578571367E2,9.198631846724E-1
8.377773275225E2,9.202367888961E-1
8.370732532903E2,9.204223617462E-1
8.365055461364E2,9.206784634921E-1
8.360687273322E2,9.210337243057E-1
8.356086151441E2,9.212672454853E-1
8.351485808231E2,9.213989165105E-1
8.347717204201E2,9.215017188681E-1
8.343817015171E2,9.216857272571E-1
8.339908215277E2,9.219084105242E-1
8.334102919135E2,9.222820147479E-1
8.327062176814E2,9.224675875979E-1
8.321386974085E2,9.224792489734E-1
8.317019564714E2,9.227326596327E-1
8.312417463932E2,9.230942210063E-1
8.307816297555E2,9.233335621947E-1
8.304047115085E2,9.235120246670E-1
8.300146659082E2,9.237309531089E-1
8.296237859188E2,9.239536363760E-1
8.290432563046E2,9.243272405997E-1
8.283391820724E2,9.245128134497E-1
8.277716617995E2,9.245244748252E-1
8.273351077434E2,9.245334451140E-1
8.268983668063E2,9.247868557733E-1
8.264615480021E2,9.251421165869E-1
8.260248226385E2,9.253751572153E-1
8.255881751419E2,9.255063476893E-1
8.251515899390E2,9.255560580399E-1
8.247150358829E2,9.255650283287E-1
8.242784818268E2,9.255739986176E-1
8.238419277707E2,9.255829689064E-1
8.234053737146E2,9.255919391952E-1
8.229688196585E2,9.256009094840E-1
8.225322656025E2,9.256098797728E-1
8.220957115464E2,9.256188500617E-1
8.216591574903E2,9.256278203505E-1
8.212226034342E2,9.256367906393E-1
8.207860493781E2,9.256457609281E-1
8.203494953221E2,9.256547312170E-1
8.199129412660E2,9.256637015058E-1
8.194763872099E2,9.256726717946E-1
8.190398331538E2,9.256816420834E-1
8.186032790977E2,9.256906123723E-1
8.181667250417E2,9.256995826611E-1
8.177301709856E2,9.257085529499E-1
8.172936169295E2,9.257175232387E-1
8.168570628734E2,9.257264935276E-1
8.164205088173E2,9.257354638164E-1
8.159839547612E2,9.257444341052E-1
8.155474007052E2,9.257534043940E-1
8.151108466491E2,9.257623746828E-1
8.146742925930E2,9.257713449717E-1
8.142377385369E2,9.257803152605E-1
8.138011844808E2,9.257892855493E-1
8.133646304248E2,9.257982558381E-1
8.129280763687E2,9.258072261270E-1
8.124915223126E2,9.258161964158E-1
8.120549682565E2,9.258251667046E-1
8.116184142004E2,9.258341369934E-1
8.111818601444E2,9.258431072823E-1
8.107453060883E2,9.258520775711E-1
8.103087520322E2,9.258610478599E-1
8.098721979761E2,9.258700181487E-1
8.094356439200E2,9.258789884376E-1
8.089990898639E2,9.258879587264E-1
8.085625358079E2,9.258969290152E-1
8.081259817518E2,9.259058993040E-1
8.076894276957E2,9.259148695928E-1
8.072528736396E2,9.259238398817E-1
8.068163195835E2,9.259328101705E-1
8.063797655275E2,9.259417804593E-1
8.059432114714E2,9.259507507481E-1
8.055066574153E2,9.259597210370E-1
8.050701033592E2,9.259686913258E-1
8.046335493031E2,9.259776616146E-1
8.041969952471E2,9.259866319034E-1
8.037370543665E2,9.259960827434E-1
8.032771134860E2,9.260055335835E-1
8.029002842299E2,9.260675958793E-1
8.025102653269E2,9.262516042683E-1
8.021193853375E2,9.264742875354E-1
8.015388557233E2,9.268478917591E-1
8.008347814912E2,9.270334646091E-1
8.002672612183E2,9.270451259846E-1
7.995872421327E2,9.273757024856E-1
7.991130306617E2,9.276973941291E-1
7.983754023879E2,9.283043718073E-1
7.977280954895E2,9.288048643854E-1
7.965705144233E2,9.292511763003E-1
7.961847166582E2,9.294880204024E-1
7.951376754170E2,9.306482987846E-1
7.945389687069E2,9.311756636664E-1
7.940386888469E2,9.315045256675E-1
7.929534100884E2,9.326486731922E-1
7.923547033784E2,9.331760380740E-1
7.918544235184E2,9.335049000751E-1
7.907028776411E2,9.346562291704E-1
7.902104080926E2,9.351054288420E-1
7.895552880350E2,9.358273034910E-1
7.887603989726E2,9.368308888147E-1
7.882407513869E2,9.372734043752E-1
7.865483049841E2,9.390147097817E-1
7.850894568864E2,9.406322302452E-1
7.844907501763E2,9.411595951270E-1
7.839904703164E2,9.414884571281E-1
7.828389244391E2,9.426397862234E-1
7.823464548905E2,9.430889858950E-1
7.816913348330E2,9.438108605440E-1
7.810074904710E2,9.446980937464E-1
7.799694999071E2,9.452362309839E-1
7.795837021420E2,9.454730750860E-1
7.784703492865E2,9.466987351269E-1
7.775513752333E2,9.472297708858E-1
7.770459564123E2,9.475846953136E-1
7.760961950464E2,9.483170861728E-1
7.754488881480E2,9.488175787508E-1
7.746250925968E2,9.490824345375E-1
7.740573854428E2,9.493385362834E-1
7.736205666387E2,9.496937970971E-1
7.731838412750E2,9.499268377255E-1
7.727471937784E2,9.500580281995E-1
7.723106085755E2,9.501077385501E-1
7.718740545194E2,9.501167088389E-1
7.714375004633E2,9.501256791277E-1
7.710009464072E2,9.501346494165E-1
7.705643923511E2,9.501436197054E-1
7.701278382951E2,9.501525899942E-1
7.696912842390E2,9.501615602830E-1
7.692547301829E2,9.501705305718E-1
7.688181761268E2,9.501795008607E-1
7.683816220707E2,9.501884711495E-1
7.679450680147E2,9.501974414383E-1
7.675085139586E2,9.502064117271E-1
7.670719599025E2,9.502153820159E-1
7.666354058464E2,9.502243523048E-1
7.661988517903E2,9.502333225936E-1
7.657622977343E2,9.502422928824E-1
7.653257436782E2,9.502512631712E-1
7.648891896221E2,9.502602334601E-1
7.644526355660E2,9.502692037489E-1
7.640160815099E2,9.502781740377E-1
7.635795274538E2,9.502871443265E-1
7.631429733978E2,9.502961146154E-1
7.627064193417E2,9.503050849042E-1
7.622698652856E2,9.503140551930E-1
7.618333112295E2,9.503230254818E-1
7.613967571734E2,9.503319957707E-1
7.609602031174E2,9.503409660595E-1
7.605236490613E2,9.503499363483E-1
7.600870950052E2,9.503589066371E-1
7.596505409491E2,9.503678769259E-1
7.592139868930E2,9.503768472148E-1
7.587774328370E2,9.503858175036E-1
7.583408787809E2,9.503947877924E-1
7.579043247248E2,9.504037580812E-1
7.574677706687E2,9.504127283701E-1
7.570312166126E2,9.504216986589E-1
7.565946625565E2,9.504306689477E-1
7.561581085005E2,9.504396392365E-1
7.557215544444E2,9.504486095254E-1
7.552850003883E2,9.504575798142E-1
7.548484463322E2,9.504665501030E-1
7.544118922761E2,9.504755203918E-1
7.539753382201E2,9.504844906807E-1
7.535387841640E2,9.504934609695E-1
7.531022301079E2,9.505024312583E-1
7.526422892274E2,9.505118820983E-1
7.521823483469E2,9.505213329383E-1
7.518055190908E2,9.505833952342E-1
7.514155001878E2,9.507674036232E-1
7.510246201984E2,9.509900868903E-1
7.504440905841E2,9.513636911140E-1
7.497400163520E2,9.515492639640E-1
7.491724960791E2,9.515609253395E-1
7.487357551420E2,9.518143359988E-1
7.482989363378E2,9.521695968124E-1
7.478388241497E2,9.524031179920E-1
7.473787898287E2,9.525347890172E-1
7.470019294257E2,9.526375913748E-1
7.466119105228E2,9.528215997638E-1
7.462210305333E2,9.530442830309E-1
7.456405009191E2,9.534178872546E-1
7.449364266870E2,9.536034601046E-1
7.441254413846E2,9.539367276922E-1
7.436512299136E2,9.542584193357E-1
7.429136016398E2,9.548653970140E-1
7.422662947414E2,9.553658895920E-1
7.414423496854E2,9.558262976751E-1
7.406977326548E2,9.563599586673E-1
7.400141011295E2,9.566572418702E-1
7.396240555292E2,9.568761703120E-1
7.392331755398E2,9.570988535792E-1
7.386526459255E2,9.574724578028E-1
7.378174808892E2,9.578236819865E-1
7.373120620682E2,9.581786064143E-1
7.363623007023E2,9.589109972734E-1
7.357149938039E2,9.594114898515E-1
7.347601074485E2,9.598419969718E-1
7.342546886275E2,9.601969213996E-1
7.333049272616E2,9.609293122587E-1
7.326576203632E2,9.614298048368E-1
7.318336753072E2,9.618902129198E-1
7.310890582766E2,9.624238739121E-1
7.304054267513E2,9.627211571149E-1
7.300153811510E2,9.629400855568E-1
7.296245011616E2,9.631627688239E-1
7.290439715473E2,9.635363730476E-1
7.283397478104E2,9.639174981940E-1
7.275951307798E2,9.644511591862E-1
7.269114992545E2,9.647484423890E-1
7.265214536542E2,9.649673708309E-1
7.261305736648E2,9.651900540980E-1
7.255500440506E2,9.655636583217E-1
7.248459698184E2,9.657492311718E-1
7.242784495455E2,9.657608925472E-1
7.238417086084E2,9.660143032065E-1
7.234048898042E2,9.663695640201E-1
7.229681644405E2,9.666026046485E-1
7.225315169439E2,9.667337951225E-1
7.220715449166E2,9.667839860243E-1
7.216116040361E2,9.667934368643E-1
7.212347747800E2,9.668554991602E-1
7.208447558770E2,9.670395075491E-1
7.204538758876E2,9.672621908163E-1
7.198733462734E2,9.676357950400E-1
7.191692720412E2,9.678213678900E-1
7.186017517683E2,9.678330292655E-1
7.181650108312E2,9.680864399247E-1
7.177281920270E2,9.684417007384E-1
7.172914666633E2,9.686747413668E-1
7.168548191668E2,9.688059318408E-1
7.164182339638E2,9.688556421914E-1
7.159816799078E2,9.688646124802E-1
7.155451258517E2,9.688735827690E-1
7.151085717956E2,9.688825530578E-1
7.146486309151E2,9.688920038978E-1
7.141886900346E2,9.689014547379E-1
7.138118607785E2,9.689635170337E-1
7.134218418755E2,9.691475254227E-1
7.130309618861E2,9.693702086898E-1
7.124504322718E2,9.697438129135E-1
7.117463580397E2,9.699293857635E-1
7.111788377668E2,9.699410471390E-1
7.107420968297E2,9.701944577983E-1
7.103052780255E2,9.705497186119E-1
7.098685526618E2,9.707827592403E-1
7.094319051652E2,9.709139497143E-1
7.089953199623E2,9.709636600649E-1
7.085587659062E2,9.709726303537E-1
7.081222118502E2,9.709816006426E-1
7.076856577941E2,9.709905709314E-1
7.072491037380E2,9.709995412202E-1
7.067891628575E2,9.710089920602E-1
7.063292219770E2,9.710184429002E-1
7.059523927209E2,9.710805051961E-1
7.055623738179E2,9.712645135851E-1
7.051714938285E2,9.714871968522E-1
7.045909642142E2,9.718608010759E-1
7.038868899821E2,9.720463739259E-1
7.033193697092E2,9.720580353014E-1
7.028828156531E2,9.720670055902E-1
7.024462615970E2,9.720759758790E-1
7.020095206599E2,9.723293865383E-1
7.015727018557E2,9.726846473519E-1
7.011359764921E2,9.729176879803E-1
7.006993289955E2,9.730488784544E-1
7.002627437926E2,9.730985888049E-1
6.998261897365E2,9.731075590937E-1
6.993896356804E2,9.731165293826E-1
6.989530816243E2,9.731254996714E-1
6.984931407438E2,9.731349505114E-1
6.980331998633E2,9.731444013514E-1
6.976563706072E2,9.732064636473E-1
6.972663517042E2,9.733904720362E-1
6.968754717148E2,9.736131553034E-1
6.962949421006E2,9.739867595271E-1
6.955908678684E2,9.741723323771E-1
6.950233475955E2,9.741839937526E-1
6.945867935394E2,9.741929640414E-1
6.941502394833E2,9.742019343302E-1
6.937136854273E2,9.742109046190E-1
6.932769444902E2,9.744643152783E-1
6.928401256860E2,9.748195760919E-1
6.924034003223E2,9.750526167203E-1
6.919667528257E2,9.751838071944E-1
6.915301676228E2,9.752335175449E-1
6.910936135667E2,9.752424878338E-1
6.906570595106E2,9.752514581226E-1
6.902205054545E2,9.752604284114E-1
6.897605645740E2,9.752698792514E-1
6.893006236935E2,9.752793300914E-1
6.889237944374E2,9.753413923873E-1
6.885337755344E2,9.755254007763E-1
6.881428955450E2,9.757480840434E-1
6.875623659308E2,9.761216882671E-1
6.868582916987E2,9.763072611171E-1
6.862907714257E2,9.763189224926E-1
6.858542173697E2,9.763278927814E-1
6.854176633136E2,9.763368630702E-1
6.849811092575E2,9.763458333591E-1
6.845445552014E2,9.763548036479E-1
6.841078142643E2,9.766082143071E-1
6.836709954601E2,9.769634751208E-1
6.832342700965E2,9.771965157492E-1
6.827976225999E2,9.773277062232E-1
6.823610373969E2,9.773774165738E-1
6.819244833409E2,9.773863868626E-1
6.814879292848E2,9.773953571514E-1
6.810513752287E2,9.774043274402E-1
6.805914343482E2,9.774137782802E-1
6.801314934677E2,9.774232291203E-1
6.797546642116E2,9.774852914161E-1
6.793646453086E2,9.776692998051E-1
6.789737653192E2,9.778919830722E-1
6.783932357050E2,9.782655872959E-1
6.776891614728E2,9.784511601460E-1
6.771216411999E2,9.784628215214E-1
6.766850871438E2,9.784717918102E-1
6.762485330877E2,9.784807620991E-1
6.758119790317E2,9.784897323879E-1
6.753752380946E2,9.787431430472E-1
6.749384192904E2,9.790984038608E-1
6.745016939267E2,9.793314444892E-1
6.740650464301E2,9.794626349632E-1
6.736284612272E2,9.795123453138E-1
6.731919071711E2,9.795213156026E-1
6.727553531150E2,9.795302858914E-1
6.723187990589E2,9.795392561803E-1
6.718822450029E2,9.795482264691E-1
6.714456909468E2,9.795571967579E-1
6.709857500663E2,9.795666475979E-1
6.705258091858E2,9.795760984379E-1
6.701489799297E2,9.796381607338E-1
6.697589610267E2,9.798221691228E-1
6.693680810373E2,9.800448523899E-1
6.687875514230E2,9.804184566136E-1
6.680834771909E2,9.806040294636E-1
6.675159569180E2,9.806156908391E-1
6.670794028619E2,9.806246611279E-1
6.666428488058E2,9.806336314167E-1
6.662062947497E2,9.806426017056E-1
6.657695538126E2,9.808960123648E-1
6.653327350084E2,9.812512731784E-1
6.648960096448E2,9.814843138068E-1
6.644593621482E2,9.816155042809E-1
6.640227769453E2,9.816652146314E-1
6.635862228892E2,9.816741849203E-1
6.631496688331E2,9.816831552091E-1
6.627131147770E2,9.816921254979E-1
6.622765607209E2,9.817010957867E-1
6.618400066649E2,9.817100660756E-1
6.614034526088E2,9.817190363644E-1
6.609435117283E2,9.817284872044E-1
6.604835708477E2,9.817379380444E-1
6.601067415917E2,9.818000003403E-1
6.597167226887E2,9.819840087292E-1
6.593258426993E2,9.822066919964E-1
6.587453130850E2,9.825802962201E-1
6.580412388529E2,9.827658690701E-1
6.574737185800E2,9.827775304456E-1
6.570371645239E2,9.827865007344E-1
6.566006104678E2,9.827954710232E-1
6.561638695307E2,9.830488816825E-1
6.557270507265E2,9.834041424961E-1
6.552903253628E2,9.836371831245E-1
6.548536778663E2,9.837683735985E-1
6.544170926633E2,9.838180839491E-1
6.539805386073E2,9.838270542379E-1
6.535439845512E2,9.838360245268E-1
6.531074304951E2,9.838449948156E-1
6.526708764390E2,9.838539651044E-1
6.522343223829E2,9.838629353932E-1
6.517977683268E2,9.838719056820E-1
6.513612142708E2,9.838808759709E-1
6.509012733903E2,9.838903268109E-1
6.504413325097E2,9.838997776509E-1
6.500645032536E2,9.839618399468E-1
6.496744843507E2,9.841458483357E-1
6.492836043612E2,9.843685316029E-1
6.487030747470E2,9.847421358265E-1
6.479990005149E2,9.849277086766E-1
6.474314802420E2,9.849393700521E-1
6.469949261859E2,9.849483403409E-1
6.465583721298E2,9.849573106297E-1
6.461218180737E2,9.849662809185E-1
6.456850771366E2,9.852196915778E-1
6.452482583324E2,9.855749523914E-1
6.448115329688E2,9.858079930198E-1
6.443748854722E2,9.859391834938E-1
6.439383002692E2,9.859888938444E-1
6.435017462132E2,9.859978641332E-1
6.430651921571E2,9.860068344221E-1
6.426286381010E2,9.860158047109E-1
6.421920840449E2,9.860247749997E-1
6.417555299888E2,9.860337452885E-1
6.413189759328E2,9.860427155774E-1
6.408824218767E2,9.860516858662E-1
6.404458678206E2,9.860606561550E-1
6.399859269401E2,9.860701069950E-1
6.395259860596E2,9.860795578350E-1
6.391491568035E2,9.861416201309E-1
6.387591379005E2,9.863256285199E-1
6.383682579111E2,9.865483117870E-1
6.377877282968E2,9.869219160107E-1
6.370836540647E2,9.871074888607E-1
6.365161337918E2,9.871191502362E-1
6.360795797357E2,9.871281205250E-1
6.356430256796E2,9.871370908138E-1
6.352064716236E2,9.871460611027E-1
6.347697306865E2,9.873994717619E-1
6.343329118823E2,9.877547325755E-1
6.338961865186E2,9.879877732039E-1
6.334595390220E2,9.881189636780E-1
6.330229538191E2,9.881686740285E-1
6.325863997630E2,9.881776443174E-1
6.321498457069E2,9.881866146062E-1
6.317132916508E2,9.881955848950E-1
6.312767375948E2,9.882045551838E-1
6.308401835387E2,9.882135254727E-1
6.304036294826E2,9.882224957615E-1
6.299670754265E2,9.882314660503E-1
6.295305213704E2,9.882404363391E-1
6.290939673143E2,9.882494066280E-1
6.286340264338E2,9.882588574680E-1
6.281740855533E2,9.882683083080E-1
6.277972562972E2,9.883303706039E-1
6.274072373942E2,9.885143789928E-1
6.270163574048E2,9.887370622600E-1
6.264358277906E2,9.891106664836E-1
6.257317535585E2,9.892962393337E-1
6.251642332855E2,9.893079007091E-1
6.247276792295E2,9.893168709980E-1
6.242911251734E2,9.893258412868E-1
6.238545711173E2,9.893348115756E-1
6.234180170612E2,9.893437818644E-1
6.229814630051E2,9.893527521533E-1
6.225449089491E2,9.893617224421E-1
6.221083548930E2,9.893706927309E-1
6.216718008369E2,9.893796630197E-1
6.212352467808E2,9.893886333086E-1
6.205295259193E2,9.893488151932E-1
6.200770605761E2,9.890969921326E-1
6.193272049443E2,9.886654304694E-1
6.184711519497E2,9.884676836560E-1
6.177435618562E2,9.884826341374E-1
6.173070078002E2,9.884916044262E-1
6.168704537441E2,9.885005747150E-1
6.164338996880E2,9.885095450038E-1
6.159973456319E2,9.885185152927E-1
6.155607915758E2,9.885274855815E-1
6.151242375197E2,9.885364558703E-1
6.146876834637E2,9.885454261591E-1
6.142511294076E2,9.885543964480E-1
6.138145753515E2,9.885633667368E-1
6.133780212954E2,9.885723370256E-1
6.129414672393E2,9.885813073144E-1
6.125049131833E2,9.885902776033E-1
6.120683591272E2,9.885992478921E-1
6.116318050711E2,9.886082181809E-1
6.111952510150E2,9.886171884697E-1
6.107586969589E2,9.886261587585E-1
6.103221429029E2,9.886351290474E-1
6.098856199936E2,9.886033592745E-1
6.094491593780E2,9.884901093781E-1
6.090127766296E2,9.882750093273E-1
6.085764873216E2,9.879376890913E-1
6.081401201465E2,9.877022190097E-1
6.077035660904E2,9.877111892985E-1
6.072670120344E2,9.877201595874E-1
6.068304579783E2,9.877291298762E-1
6.063939039222E2,9.877381001650E-1
6.059573498661E2,9.877470704538E-1
6.055207958100E2,9.877560407427E-1
6.050842417539E2,9.877650110315E-1
6.043785208924E2,9.877251929161E-1
6.039260555492E2,9.874733698556E-1
6.031761999174E2,9.870418081924E-1
6.023201469228E2,9.868440613789E-1
6.015925568294E2,9.868590118603E-1
6.011560027733E2,9.868679821491E-1
6.007194487172E2,9.868769524379E-1
6.002828946611E2,9.868859227268E-1
5.998463406050E2,9.868948930156E-1
5.994097865490E2,9.869038633044E-1
5.989732324929E2,9.869128335932E-1
5.985366784368E2,9.869218038821E-1
5.981001243807E2,9.869307741709E-1
5.976635703246E2,9.869397444597E-1
5.972270162686E2,9.869487147485E-1
5.967904622125E2,9.869576850374E-1
5.963539081564E2,9.869666553262E-1
5.959173541003E2,9.869756256150E-1
5.954808000442E2,9.869845959038E-1
5.950442459881E2,9.869935661927E-1
5.946076919321E2,9.870025364815E-1
5.941711378760E2,9.870115067703E-1
5.937345838199E2,9.870204770591E-1
5.932980297638E2,9.870294473479E-1
5.928614757077E2,9.870384176368E-1
5.924249216517E2,9.870473879256E-1
5.919883675956E2,9.870563582144E-1
5.915518135395E2,9.870653285032E-1
5.911152594834E2,9.870742987921E-1
5.906787054273E2,9.870832690809E-1
5.902421513713E2,9.870922393697E-1
5.898055973152E2,9.871012096585E-1
5.893690432591E2,9.871101799474E-1
5.889324892030E2,9.871191502362E-1
5.884959351469E2,9.871281205250E-1
5.880593810908E2,9.871370908138E-1
5.876228270348E2,9.871460611027E-1
5.871862729787E2,9.871550313915E-1
5.867497189226E2,9.871640016803E-1
5.863131648665E2,9.871729719691E-1
5.858766108104E2,9.871819422579E-1
5.854400567544E2,9.871909125468E-1
5.850035026983E2,9.871998828356E-1
5.845669486422E2,9.872088531244E-1
5.841303945861E2,9.872178234132E-1
5.836938405300E2,9.872267937021E-1
5.832572864740E2,9.872357639909E-1
5.828207324179E2,9.872447342797E-1
5.823841783618E2,9.872537045685E-1
5.819476243057E2,9.872626748574E-1
5.815110702496E2,9.872716451462E-1
5.810745161935E2,9.872806154350E-1
5.806379621375E2,9.872895857238E-1
5.802014080814E2,9.872985560127E-1
5.797648540253E2,9.873075263015E-1
5.793282999692E2,9.873164965903E-1
5.788917459131E2,9.873254668791E-1
5.784551918571E2,9.873344371680E-1
5.780186378010E2,9.873434074568E-1
5.775586969205E2,9.873528582968E-1
5.770987560400E2,9.873623091368E-1
5.767219267839E2,9.874243714327E-1
5.763319078809E2,9.876083798216E-1
5.759410278915E2,9.878310630888E-1
5.753604982772E2,9.882046673124E-1
5.746564240451E2,9.883902401625E-1
5.740889037722E2,9.884019015380E-1
5.736523497161E2,9.884108718268E-1
5.732157956600E2,9.884198421156E-1
5.727792416039E2,9.884288124044E-1
5.723426875479E2,9.884377826933E-1
5.719061334918E2,9.884467529821E-1
5.714695794357E2,9.884557232709E-1
5.710330253796E2,9.884646935597E-1
5.705964713235E2,9.884736638485E-1
5.701599172674E2,9.884826341374E-1
5.697233632114E2,9.884916044262E-1
5.692868091553E2,9.885005747150E-1
5.688502550992E2,9.885095450038E-1
5.684137010431E2,9.885185152927E-1
5.679771469870E2,9.885274855815E-1
5.675405929310E2,9.885364558703E-1
5.671040388749E2,9.885454261591E-1
5.666674848188E2,9.885543964480E-1
5.662309307627E2,9.885633667368E-1
5.657943767066E2,9.885723370256E-1
5.653578226506E2,9.885813073144E-1
5.649210817135E2,9.888347179737E-1
5.644842629093E2,9.891899787873E-1
5.640475375456E2,9.894230194157E-1
5.636108900490E2,9.895542098898E-1
5.631743048461E2,9.896039202403E-1
5.627377507900E2,9.896128905291E-1
5.623011967339E2,9.896218608180E-1
5.618646426778E2,9.896308311068E-1
5.614280886218E2,9.896398013956E-1
5.609915345657E2,9.896487716844E-1
5.605549805096E2,9.896577419733E-1
5.601184264535E2,9.896667122621E-1
5.596818723974E2,9.896756825509E-1
5.592453183413E2,9.896846528397E-1
5.588087642853E2,9.896936231286E-1
5.583722102292E2,9.897025934174E-1
5.579356561731E2,9.897115637062E-1
5.574991021170E2,9.897205339950E-1
5.570625792078E2,9.896887642221E-1
5.566261185922E2,9.895755143257E-1
5.561897358437E2,9.893604142750E-1
5.557534465357E2,9.890230940390E-1
5.553170793607E2,9.887876239574E-1
5.548805253046E2,9.887965942462E-1
5.544439712485E2,9.888055645350E-1
5.540074171924E2,9.888145348238E-1
5.535708631364E2,9.888235051127E-1
5.531343090803E2,9.888324754015E-1
5.526977550242E2,9.888414456903E-1
5.522612009681E2,9.888504159791E-1
5.518246469120E2,9.888593862680E-1
5.513880928560E2,9.888683565568E-1
5.509515387999E2,9.888773268456E-1
5.505149847438E2,9.888862971344E-1
5.500784306877E2,9.888952674233E-1
5.493727098262E2,9.888554493079E-1
5.489202444830E2,9.886036262473E-1
5.481703888512E2,9.881720645841E-1
5.473143358566E2,9.879743177707E-1
5.465867457631E2,9.879892682521E-1
5.461501917070E2,9.879982385409E-1
5.457136376510E2,9.880072088297E-1
5.452770835949E2,9.880161791185E-1
5.448405295388E2,9.880251494074E-1
5.444039754827E2,9.880341196962E-1
5.439674214266E2,9.880430899850E-1
5.435308985174E2,9.880113202121E-1
5.430944379018E2,9.878980703157E-1
5.426580551533E2,9.876829702650E-1
5.422217658454E2,9.873456500290E-1
5.417853986703E2,9.871101799474E-1
5.413488446142E2,9.871191502362E-1
5.406431237527E2,9.870793321208E-1
5.401906584095E2,9.868275090603E-1
5.394408027777E2,9.863959473971E-1
5.385847497831E2,9.861982005836E-1
5.378571596896E2,9.862131510650E-1
5.374206367804E2,9.861813812921E-1
5.369841761648E2,9.860681313957E-1
5.365477934163E2,9.858530313449E-1
5.361115041084E2,9.855157111090E-1
5.354059701278E2,9.852314526231E-1
5.349535047846E2,9.849796295626E-1
5.342036491528E2,9.845480678994E-1
5.333475961583E2,9.843503210860E-1
5.326200060648E2,9.843652715673E-1
5.321834520087E2,9.843742418562E-1
5.317468979526E2,9.843832121450E-1
5.313103438966E2,9.843921824338E-1
5.308737898405E2,9.844011527226E-1
5.304372357844E2,9.844101230115E-1
5.300006817283E2,9.844190933003E-1
5.295641276722E2,9.844280635891E-1
5.291275736162E2,9.844370338779E-1
5.286910507069E2,9.844052641050E-1
5.282545900913E2,9.842920142086E-1
5.278182073429E2,9.840769141579E-1
5.273819180349E2,9.837395939219E-1
5.269455508598E2,9.835041238403E-1
5.265089968037E2,9.835130941291E-1
5.260724427477E2,9.835220644179E-1
5.256358886916E2,9.835310347067E-1
5.251993346355E2,9.835400049956E-1
5.247627805794E2,9.835489752844E-1
5.243262265233E2,9.835579455732E-1
5.238896724672E2,9.835669158620E-1
5.234531184112E2,9.835758861509E-1
5.230165643551E2,9.835848564397E-1
5.225800102990E2,9.835938267285E-1
5.221434562429E2,9.836027970173E-1
5.217069021868E2,9.836117673062E-1
5.212703481308E2,9.836207375950E-1
5.208337940747E2,9.836297078838E-1
5.203972400186E2,9.836386781726E-1
5.199606859625E2,9.836476484615E-1
5.195239450254E2,9.839010591207E-1
5.188375488476E2,9.844156760474E-1
5.182137435720E2,9.846333550562E-1
5.175900735626E2,9.846741057968E-1
5.167585420272E2,9.846911920613E-1
5.160309519337E2,9.847061425426E-1
5.155943978776E2,9.847151128315E-1
5.151578438216E2,9.847240831203E-1
5.147212897655E2,9.847330534091E-1
5.135738714670E2,9.849719674409E-1
5.131592292101E2,9.852103742242E-1
5.127014060178E2,9.855088374472E-1
5.116646638488E2,9.857736069126E-1
5.112279229117E2,9.860270175719E-1
5.107911041075E2,9.863822783855E-1
5.103543787439E2,9.866153190139E-1
5.099177312473E2,9.867465094880E-1
5.094811460444E2,9.867962198385E-1
5.090445919883E2,9.868051901274E-1
5.086080379322E2,9.868141604162E-1
5.081714838761E2,9.868231307050E-1
5.077349298200E2,9.868321009938E-1
5.072983757640E2,9.868410712827E-1
5.061509574654E2,9.870799853144E-1
5.057363152086E2,9.873183920978E-1
5.052784920163E2,9.876168553207E-1
5.042417498473E2,9.878816247862E-1
5.038050089102E2,9.881350354455E-1
5.033681901060E2,9.884902962591E-1
5.029314647423E2,9.887233368875E-1
5.024948172458E2,9.888545273615E-1
5.020582320428E2,9.889042377121E-1
5.016216779868E2,9.889132080009E-1
5.011851239307E2,9.889221782897E-1
5.007485698746E2,9.889311485785E-1
5.003120158185E2,9.889401188674E-1
4.998754617624E2,9.889490891562E-1
4.994389077064E2,9.889580594450E-1
4.990023536503E2,9.889670297338E-1
4.985657995942E2,9.889760000227E-1
4.974183812957E2,9.892149140545E-1
4.970037390389E2,9.894533208378E-1
4.965459158466E2,9.897517840607E-1
4.955091736776E2,9.900165535262E-1
4.950726196215E2,9.900255238150E-1
4.946360655654E2,9.900344941039E-1
4.941995115093E2,9.900434643927E-1
4.937629574532E2,9.900524346815E-1
4.933264033971E2,9.900614049703E-1
4.928898493411E2,9.900703752591E-1
4.924532952850E2,9.900793455480E-1
4.920167412289E2,9.900883158368E-1
4.915801871728E2,9.900972861256E-1
4.911436331167E2,9.901062564144E-1
4.907068921796E2,9.903596670737E-1
4.902700733755E2,9.907149278873E-1
4.898333480118E2,9.909479685157E-1
4.893967005152E2,9.910791589898E-1
4.889601153123E2,9.911288693403E-1
4.885235612562E2,9.911378396292E-1
4.880870072001E2,9.911468099180E-1
4.876504531440E2,9.911557802068E-1
4.872138990879E2,9.911647504956E-1
4.867773450319E2,9.911737207844E-1
4.863407909758E2,9.911826910733E-1
4.859042369197E2,9.911916613621E-1
4.854676828636E2,9.912006316509E-1
4.850311288075E2,9.912096019397E-1
4.845945747515E2,9.912185722286E-1
4.841580206954E2,9.912275425174E-1
4.837214666393E2,9.912365128062E-1
4.832849125832E2,9.912454830950E-1
4.828483585271E2,9.912544533839E-1
4.824118044710E2,9.912634236727E-1
4.819752504150E2,9.912723939615E-1
4.815386963589E2,9.912813642503E-1
4.803912780604E2,9.915202782821E-1
4.799766358036E2,9.917586850654E-1
4.795188126113E2,9.920571482884E-1
4.784820704422E2,9.923219177539E-1
4.780455163862E2,9.923308880427E-1
4.776089623301E2,9.923398583315E-1
4.771724082740E2,9.923488286203E-1
4.767358542179E2,9.923577989092E-1
4.762993001618E2,9.923667691980E-1
4.758627461058E2,9.923757394868E-1
4.754261920497E2,9.923847097756E-1
4.749896379936E2,9.923936800645E-1
4.745530839375E2,9.924026503533E-1
4.741165298814E2,9.924116206421E-1
4.736799758254E2,9.924205909309E-1
4.732434217693E2,9.924295612197E-1
4.728068677132E2,9.924385315086E-1
4.723703136571E2,9.924475017974E-1
4.719337596010E2,9.924564720862E-1
4.714972055449E2,9.924654423750E-1
4.710606514889E2,9.924744126639E-1
4.706240974328E2,9.924833829527E-1
4.701875433767E2,9.924923532415E-1
4.697509893206E2,9.925013235303E-1
4.693144352645E2,9.925102938192E-1
4.688778812085E2,9.925192641080E-1
4.684413271524E2,9.925282343968E-1
4.680047730963E2,9.925372046856E-1
4.675682190402E2,9.925461749745E-1
4.671316649841E2,9.925551452633E-1
4.666951109281E2,9.925641155521E-1
4.662585568720E2,9.925730858409E-1
4.658220028159E2,9.925820561297E-1
4.653854487598E2,9.925910264186E-1
4.649488947037E2,9.925999967074E-1
4.645123406476E2,9.926089669962E-1
4.640757865916E2,9.926179372850E-1
4.636392325355E2,9.926269075739E-1
4.632026784794E2,9.926358778627E-1
4.627661244233E2,9.926448481515E-1
4.623295703672E2,9.926538184403E-1
4.618930163112E2,9.926627887292E-1
4.614564622551E2,9.926717590180E-1
4.610199081990E2,9.926807293068E-1
4.605833541429E2,9.926896995956E-1
4.601468000868E2,9.926986698845E-1
4.597102460308E2,9.927076401733E-1
4.592736919747E2,9.927166104621E-1
4.588371379186E2,9.927255807509E-1
4.584005838625E2,9.927345510398E-1
4.579640298064E2,9.927435213286E-1
4.575274757503E2,9.927524916174E-1
4.570909216943E2,9.927614619062E-1
4.566543676382E2,9.927704321950E-1
4.562178135821E2,9.927794024839E-1
4.557812595260E2,9.927883727727E-1
4.553447054699E2,9.927973430615E-1
4.549081514139E2,9.928063133503E-1
4.542640192680E2,9.931006509524E-1
4.457220773091E2,9.933209836716E-1
4.453548436517E2,9.930677972695E-1
4.444308540679E2,9.930216002821E-1
4.439943000118E2,9.930305705709E-1
4.435577459557E2,9.930395408598E-1
4.431211918997E2,9.930485111486E-1
4.426846378436E2,9.930574814374E-1
4.422480837875E2,9.930664517262E-1
4.418115297314E2,9.930754220150E-1
4.413749756753E2,9.930843923039E-1
4.409384216193E2,9.930933625927E-1
4.405018675632E2,9.931023328815E-1
4.400653135071E2,9.931113031703E-1
4.394977932342E2,9.931229645458E-1
4.389580590539E2,9.930729458416E-1
4.383670933115E2,9.927029531974E-1
4.379773358540E2,9.924883436055E-1
4.374337024853E2,9.922419504767E-1
4.370569562875E2,9.921953726080E-1
4.365970154069E2,9.922048234480E-1
4.361371056733E2,9.921735342262E-1
4.357006450577E2,9.920602843298E-1
4.346970441606E2,9.914616670557E-1
4.341798785328E2,9.912069055136E-1
4.330870434332E2,9.900669295292E-1
4.325594029761E2,9.895780345497E-1
4.315620492445E2,9.893052042830E-1
4.301422379809E2,9.878691560847E-1
4.296318605242E2,9.875271114966E-1
4.288548923131E2,9.867011285476E-1
4.280820320236E2,9.857890557434E-1
4.276135282351E2,9.852917030631E-1
4.271571509482E2,9.847941012080E-1
4.266805082442E2,9.842172475632E-1
4.262383269930E2,9.836559815750E-1
4.256859820520E2,9.829367374988E-1
4.250447828999E2,9.819721667021E-1
4.244953215626E2,9.809649714602E-1
4.239481183709E2,9.799780995288E-1
4.233767037053E2,9.789374058645E-1
4.229940915199E2,9.782364018205E-1
4.225718406843E2,9.773239792818E-1
4.218749133162E2,9.752990006533E-1
4.213091871010E2,9.729640344726E-1
4.206491731834E2,9.702399072617E-1
4.202068881094E2,9.682283199930E-1
4.195689510693E2,9.651778237737E-1
4.189749518327E2,9.617570539658E-1
4.187254440203E2,9.597861248871E-1
4.183973298992E2,9.566279958809E-1
4.179819325541E2,9.528691049183E-1
4.177025174013E2,9.499674095943E-1
4.175629664935E2,9.481133742359E-1
4.174434742075E2,9.464580196215E-1
4.171387029790E2,9.423561058229E-1
4.170114052958E2,9.406004210197E-1
4.167066340673E2,9.364985072211E-1
4.165793363842E2,9.347428224179E-1
4.162942100881E2,9.306405049563E-1
4.161858373413E2,9.289840165376E-1
4.160255347105E2,9.261951080604E-1
4.157895120939E2,9.215781674427E-1
4.156586941954E2,9.185544984384E-1
4.155325702733E2,9.153957108991E-1
4.154349605383E2,9.122142217657E-1
4.153551756926E2,9.103593075326E-1
4.152612123621E2,9.083562767447E-1
4.150058817229E2,9.024455772368E-1
4.149403888254E2,9.005903693335E-1
4.148649526714E2,8.985421444864E-1
4.146642795385E2,8.932513070646E-1
4.145590047154E2,8.887663139374E-1
4.145091030342E2,8.869107856667E-1
4.144388639523E2,8.848624540304E-1
4.142381908194E2,8.795716166086E-1
4.141329159962E2,8.750866234814E-1
4.140830143151E2,8.732310952107E-1
4.140200511341E2,8.711826140696E-1
4.139146790141E2,8.665416491556E-1
4.138388676148E2,8.645877146807E-1
4.137903408441E2,8.626332195628E-1
4.137098173734E2,8.574958870984E-1
4.136599156923E2,8.556403588277E-1
4.135969525112E2,8.535918776866E-1
4.134915803913E2,8.489509127726E-1
4.134157689920E2,8.469969782977E-1
4.133672422212E2,8.450424831797E-1
4.133414526408E2,8.430875208592E-1
4.132882137987E2,8.379496277518E-1
4.132383121176E2,8.360940994811E-1
4.131753489365E2,8.340456183400E-1
4.130699768166E2,8.294046534260E-1
4.129941654173E2,8.274507189511E-1
4.129456386465E2,8.254962238331E-1
4.129198490661E2,8.235412615126E-1
4.129122492381E2,8.215859254301E-1
4.129137442862E2,8.196304024666E-1
4.128696003203E2,8.144923224781E-1
4.128196986391E2,8.126367942074E-1
4.127567354581E2,8.105883130663E-1
4.127059325952E2,8.059462268662E-1
4.126528583863E2,8.039918251887E-1
4.125770469870E2,8.020378907139E-1
4.125285202162E2,8.000833955959E-1
4.125027306358E2,7.981284332754E-1
4.124951308078E2,7.961730971929E-1
4.124966258559E2,7.942175742293E-1
4.124981209041E2,7.922620512658E-1
4.124539769381E2,7.871239712774E-1
4.124040752570E2,7.852684430066E-1
4.123411120759E2,7.832199618655E-1
4.122903092130E2,7.785778756654E-1
4.122372350041E2,7.766234739880E-1
4.121614236048E2,7.746695395131E-1
4.121128968340E2,7.727150443951E-1
4.120871072537E2,7.707600820746E-1
4.120795074256E2,7.688047459921E-1
4.120810024738E2,7.668492230286E-1
4.120824975219E2,7.648937000650E-1
4.120839925701E2,7.629381771015E-1
4.120854876182E2,7.609826541380E-1
4.120413436522E2,7.558445741495E-1
4.119914419711E2,7.539890458788E-1
4.119284787900E2,7.519405647377E-1
4.118776759271E2,7.472984785376E-1
4.118791709752E2,7.453429555740E-1
4.118260967664E2,7.433885538966E-1
4.117502853671E2,7.414346194217E-1
4.117017585963E2,7.394801243037E-1
4.116759690159E2,7.375251619833E-1
4.116683691879E2,7.355698259007E-1
4.116698642360E2,7.336143029372E-1
4.116713592842E2,7.316587799736E-1
4.116728543323E2,7.297032570101E-1
4.116743493804E2,7.277477340466E-1
4.116302054145E2,7.226096540581E-1
4.115803037333E2,7.207541257874E-1
4.115173405523E2,7.187056446463E-1
4.114665376894E2,7.140635584462E-1
4.114680327375E2,7.121080354826E-1
4.114695277856E2,7.101525125191E-1
4.114164535768E2,7.081981108417E-1
4.113406421775E2,7.062441763668E-1
4.112921154067E2,7.042896812488E-1
4.112663258263E2,7.023347189283E-1
4.112587259983E2,7.003793828458E-1
4.112602210464E2,6.984238598823E-1
4.112617160946E2,6.964683369187E-1
4.112632111427E2,6.945128139552E-1
4.112647061908E2,6.925572909916E-1
4.112662012390E2,6.906017680281E-1
4.112220572730E2,6.854636880396E-1
4.111721555919E2,6.836081597689E-1
4.111091924108E2,6.815596786278E-1
4.110583895479E2,6.769175924277E-1
4.110598845960E2,6.749620694642E-1
4.110613796442E2,6.730065465006E-1
4.110083054353E2,6.710521448232E-1
4.109324940360E2,6.690982103483E-1
4.108839672652E2,6.671437152303E-1
4.108581776848E2,6.651887529098E-1
4.108505778568E2,6.632334168273E-1
4.108520729049E2,6.612778938638E-1
4.108535679531E2,6.593223709002E-1
4.108550630012E2,6.573668479367E-1
4.108565580494E2,6.554113249732E-1
4.108580530975E2,6.534558020096E-1
4.108595481456E2,6.515002790461E-1
4.108154041797E2,6.463621990576E-1
4.107655024985E2,6.445066707869E-1
4.107025393175E2,6.424581896458E-1
4.106517364546E2,6.378161034457E-1
4.106532315027E2,6.358605804821E-1
4.106547265508E2,6.339050575186E-1
4.106016523420E2,6.319506558412E-1
4.105258409427E2,6.299967213663E-1
4.104773141719E2,6.280422262483E-1
4.104515245915E2,6.260872639278E-1
4.104439247635E2,6.241319278453E-1
4.104454198116E2,6.221764048818E-1
4.104469148597E2,6.202208819182E-1
4.104484099079E2,6.182653589547E-1
4.104499049560E2,6.163098359911E-1
4.104514000042E2,6.143543130276E-1
4.104528950523E2,6.123987900641E-1
4.104543901004E2,6.104432671005E-1
4.104102461345E2,6.053051871121E-1
4.103603444533E2,6.034496588413E-1
4.102973812723E2,6.014011777002E-1
4.102465784094E2,5.967590915001E-1
4.102480734575E2,5.948035685366E-1
4.102495685056E2,5.928480455730E-1
4.102510635538E2,5.908925226095E-1
4.101979893449E2,5.889381209321E-1
4.101221779456E2,5.869841864572E-1
4.100736511748E2,5.850296913392E-1
4.100478615944E2,5.830747290187E-1
4.100402617664E2,5.811193929362E-1
4.100417568145E2,5.791638699727E-1
4.100432518627E2,5.772083470091E-1
4.100447469108E2,5.752528240456E-1
4.100462419590E2,5.732973010820E-1
4.100477370071E2,5.713417781185E-1
4.100492320552E2,5.693862551550E-1
4.100507271034E2,5.674307321914E-1
4.100522221515E2,5.654752092279E-1
4.100080781855E2,5.603371292394E-1
4.099581765044E2,5.584816009687E-1
4.098952133234E2,5.564331198276E-1
4.098444104604E2,5.517910336275E-1
4.098459055086E2,5.498355106639E-1
4.098474005567E2,5.478799877004E-1
4.098488956048E2,5.459244647369E-1
4.098503906530E2,5.439689417733E-1
4.097973164441E2,5.420145400959E-1
4.097215050448E2,5.400606056210E-1
4.096729782740E2,5.381061105030E-1
4.096471886937E2,5.361511481825E-1
4.096395888656E2,5.341958121000E-1
4.096410839138E2,5.322402891365E-1
4.096425789619E2,5.302847661729E-1
4.096440740100E2,5.283292432094E-1
4.096455690582E2,5.263737202458E-1
4.096470641063E2,5.244181972823E-1
4.096485591544E2,5.224626743188E-1
4.096500542026E2,5.205071513552E-1
4.096515492507E2,5.185516283917E-1
4.096530442989E2,5.165961054281E-1
4.096089003329E2,5.114580254397E-1
4.095589986517E2,5.096024971690E-1
4.094960354707E2,5.075540160279E-1
4.094452326078E2,5.029119298278E-1
4.094467276559E2,5.009564068642E-1
4.094482227041E2,4.990008839007E-1
4.094497177522E2,4.970453609371E-1
4.094512128003E2,4.950898379736E-1
4.093981385915E2,4.931354362961E-1
4.093223271922E2,4.911815018213E-1
4.092738004214E2,4.892270067033E-1
4.092480108410E2,4.872720443828E-1
4.092404110130E2,4.853167083003E-1
4.092419060611E2,4.833611853367E-1
4.092434011092E2,4.814056623732E-1
4.092448961574E2,4.794501394097E-1
4.092463912055E2,4.774946164461E-1
4.092478862537E2,4.755390934826E-1
4.092493813018E2,4.735835705190E-1
4.092508763499E2,4.716280475555E-1
4.092523713981E2,4.696725245920E-1
4.092538664462E2,4.677170016284E-1
4.092097224802E2,4.625789216400E-1
4.091598207991E2,4.607233933692E-1
4.090968576181E2,4.586749122281E-1
4.090460547551E2,4.540328260280E-1
4.090475498033E2,4.520773030645E-1
4.090490448514E2,4.501217801009E-1
4.090505398995E2,4.481662571374E-1
4.090520349477E2,4.462107341739E-1
4.089989607388E2,4.442563324964E-1
4.089231493395E2,4.423023980215E-1
4.088746225687E2,4.403479029036E-1
4.088488329884E2,4.383929405831E-1
4.088412331603E2,4.364376045006E-1
4.088427282085E2,4.344820815370E-1
4.088442232566E2,4.325265585735E-1
4.088457183047E2,4.305710356099E-1
4.088472133529E2,4.286155126464E-1
4.088487084010E2,4.266599896829E-1
4.088502034491E2,4.247044667193E-1
4.088516984973E2,4.227489437558E-1
4.088531935454E2,4.207934207922E-1
4.088546885936E2,4.188378978287E-1
4.088105446276E2,4.136998178402E-1
4.087606429465E2,4.118442895695E-1
4.086976797654E2,4.097958084284E-1
4.086468769025E2,4.051537222283E-1
4.086483719506E2,4.031981992648E-1
4.086498669988E2,4.012426763012E-1
4.086513620469E2,3.992871533377E-1
4.086528570950E2,3.973316303741E-1
4.085997828862E2,3.953772286967E-1
4.085239714869E2,3.934232942218E-1
4.084754447161E2,3.914687991038E-1
4.084496551357E2,3.895138367834E-1
4.084420553077E2,3.875585007008E-1
4.084435503558E2,3.856029777373E-1
4.084450454040E2,3.836474547737E-1
4.084465404521E2,3.816919318102E-1
4.084480355002E2,3.797364088467E-1
4.084495305484E2,3.777808858831E-1
4.084510255965E2,3.758253629196E-1
4.084525206446E2,3.738698399560E-1
4.084540156928E2,3.719143169925E-1
4.084098717268E2,3.667762370040E-1
4.083599700457E2,3.649207087333E-1
4.082970068646E2,3.628722275922E-1
4.082462040017E2,3.582301413921E-1
4.082476990498E2,3.562746184286E-1
4.082491940980E2,3.543190954650E-1
4.082506891461E2,3.523635725015E-1
4.081976149372E2,3.504091708240E-1
4.081218035379E2,3.484552363492E-1
4.080732767672E2,3.465007412312E-1
4.080474871868E2,3.445457789107E-1
4.080398873588E2,3.425904428282E-1
4.080413824069E2,3.406349198646E-1
4.080428774550E2,3.386793969011E-1
4.080443725032E2,3.367238739376E-1
4.080458675513E2,3.347683509740E-1
4.080473625994E2,3.328128280105E-1
4.080488576476E2,3.308573050469E-1
4.080503526957E2,3.289017820834E-1
4.080062087297E2,3.237637020949E-1
4.079563070486E2,3.219081738242E-1
4.078933438676E2,3.198596926831E-1
4.078425410046E2,3.152176064830E-1
4.078440360528E2,3.132620835195E-1
4.078455311009E2,3.113065605559E-1
4.078470261490E2,3.093510375924E-1
4.078485211972E2,3.073955146288E-1
4.077954469883E2,3.054411129514E-1
4.077196355890E2,3.034871784765E-1
4.076711088182E2,3.015326833586E-1
4.076453192379E2,2.995777210381E-1
4.076377194098E2,2.976223849555E-1
4.076392144580E2,2.956668619920E-1
4.076407095061E2,2.937113390285E-1
4.076422045542E2,2.917558160649E-1
4.076436996024E2,2.898002931014E-1
4.076451946505E2,2.878447701378E-1
4.076466896987E2,2.858892471743E-1
4.076025457327E2,2.807511671858E-1
4.075526440515E2,2.788956389151E-1
4.074896808705E2,2.768471577740E-1
4.074388780076E2,2.722050715739E-1
4.074403730557E2,2.702495486104E-1
4.074418681038E2,2.682940256468E-1
4.073887938950E2,2.663396239694E-1
4.073129824957E2,2.643856894945E-1
4.072644557249E2,2.624311943765E-1
4.072386661445E2,2.604762320561E-1
4.072310663165E2,2.585208959735E-1
4.072325613646E2,2.565653730100E-1
4.072340564128E2,2.546098500464E-1
4.072355514609E2,2.526543270829E-1
4.072370465090E2,2.506988041194E-1
4.072385415572E2,2.487432811558E-1
4.072400366053E2,2.467877581923E-1
4.071958926393E2,2.416496782038E-1
4.071459909582E2,2.397941499331E-1
4.070830277772E2,2.377456687920E-1
4.070322249142E2,2.331035825919E-1
4.070337199624E2,2.311480596284E-1
4.070352150105E2,2.291925366648E-1
4.070367100586E2,2.272370137013E-1
4.070382051068E2,2.252814907377E-1
4.070397001549E2,2.233259677742E-1
4.069866259460E2,2.213715660967E-1
4.069108145468E2,2.194176316218E-1
4.068622877760E2,2.174631365039E-1
4.068364981956E2,2.155081741834E-1
4.068288983676E2,2.135528381009E-1
4.068303934157E2,2.115973151373E-1
4.068318884638E2,2.096417921738E-1
4.067877444979E2,2.045037121853E-1
4.067378428167E2,2.026481839146E-1
4.066748796357E2,2.005997027735E-1
4.066240767728E2,1.959576165734E-1
4.066255718209E2,1.940020936099E-1
4.066270668690E2,1.920465706463E-1
4.066285619172E2,1.900910476828E-1
4.065754877083E2,1.881366460054E-1
4.064996763090E2,1.861827115305E-1
4.064511495382E2,1.842282164125E-1
4.064253599579E2,1.822732540920E-1
4.064177601298E2,1.803179180095E-1
4.064192551780E2,1.783623950460E-1
4.064207502261E2,1.764068720824E-1
4.064222452742E2,1.744513491189E-1
4.064237403224E2,1.724958261553E-1
4.064252353705E2,1.705403031918E-1
4.064267304186E2,1.685847802282E-1
4.063825864527E2,1.634467002398E-1
4.063326847715E2,1.615911719691E-1
4.062697215905E2,1.595426908280E-1
4.062189187276E2,1.549006046279E-1
4.062204137757E2,1.529450816643E-1
4.061673395668E2,1.509906799869E-1
4.060915281675E2,1.490367455120E-1
4.060430013967E2,1.470822503940E-1
4.060172118164E2,1.451272880735E-1
4.060096119883E2,1.431719519910E-1
4.060111070365E2,1.412164290275E-1
4.060126020846E2,1.392609060639E-1
4.060140971328E2,1.373053831004E-1
4.060155921809E2,1.353498601368E-1
4.059714482149E2,1.302117801484E-1
4.059215465338E2,1.283562518777E-1
4.058585833527E2,1.263077707366E-1
4.058077804898E2,1.216656845365E-1
4.058092755380E2,1.197101615729E-1
4.057562013291E2,1.177557598955E-1
4.056803899298E2,1.158018254206E-1
4.056318631590E2,1.138473303026E-1
4.056060735786E2,1.118923679822E-1
4.055984737506E2,1.099370318996E-1
4.055999687987E2,1.079815089361E-1
4.055558248328E2,1.028434289476E-1
4.055059231516E2,1.009879006769E-1
4.054429599706E2,9.893941953579E-2
4.053375878506E2,9.429845462180E-2
4.052617764514E2,9.234452014691E-2
4.052132496806E2,9.039002502896E-2
4.051874601002E2,8.843506270847E-2
4.051342212580E2,8.329716960103E-2
4.050843195769E2,8.144164133031E-2
4.050213563959E2,7.939316018920E-2
4.049159842759E2,7.475219527521E-2
4.048401728766E2,7.279826080031E-2
4.047916461059E2,7.084376568236E-2
4.047111226352E2,6.570643321798E-2
4.046612209541E2,6.385090494726E-2
4.045909818721E2,6.180257331096E-2
4.043903087392E2,5.651173588917E-2
4.042850339161E2,5.202674276200E-2
4.042351322350E2,5.017121449129E-2
4.041648931530E2,4.812288285498E-2
4.039758481723E2,4.348363724635E-2
4.038782384372E2,4.030214811296E-2
4.037984535915E2,3.844723387987E-2
4.037044902611E2,3.644420309204E-2
4.035118849004E2,3.176021727799E-2
4.034298663816E2,2.857840777715E-2
4.033656727522E2,2.672317317660E-2
4.031830712114E2,2.302157785745E-2
4.029473729669E2,1.900000812373E-2
4.025953491994E2,1.550656117813E-2
4.021887050052E2,1.276093197133E-2
4.015282051969E2,9.312817021033E-3
4.007946972046E2,6.871883964067E-3
4.004421157308E2,6.283169248032E-3
3.999679301604E2,5.852372754543E-3
3.993353908034E2,5.501209593269E-3
3.989586446055E2,5.454631724516E-3
3.984987037250E2,5.464082564527E-3
3.980387628445E2,5.473533404537E-3
3.976022087884E2,5.482503693361E-3
3.971656547324E2,5.491473982185E-3
3.967291006763E2,5.500444271008E-3
3.962925466202E2,5.509414559832E-3
3.958559925641E2,5.518384848655E-3
3.954194385080E2,5.527355137479E-3
3.949828844520E2,5.536325426303E-3
3.945463303959E2,5.545295715126E-3
3.941097763398E2,5.554266003950E-3
3.936732222837E2,5.563236292773E-3
3.932366682276E2,5.572206581597E-3
3.928001141715E2,5.581176870420E-3
3.923635601155E2,5.590147159244E-3
3.919270060594E2,5.599117448068E-3
3.914904520033E2,5.608087736891E-3
3.910538979472E2,5.617058025715E-3
3.906173438911E2,5.626028314538E-3
3.901807898351E2,5.634998603362E-3
3.897442357790E2,5.643968892186E-3
3.893076817229E2,5.652939181009E-3
3.888711276668E2,5.661909469833E-3
3.884345736107E2,5.670879758656E-3
3.879980195547E2,5.679850047480E-3
3.875614654986E2,5.688820336304E-3
3.871249114425E2,5.697790625127E-3
3.866883573864E2,5.706760913951E-3
3.862518033303E2,5.715731202774E-3
3.858152492742E2,5.724701491598E-3
3.853786952182E2,5.733671780421E-3
3.849421411621E2,5.742642069245E-3
3.845055871060E2,5.751612358069E-3
3.840690330499E2,5.760582646892E-3
3.836324789938E2,5.769552935716E-3
3.831959249378E2,5.778523224539E-3
3.827593708817E2,5.787493513363E-3
3.823228168256E2,5.796463802187E-3
3.818862627695E2,5.805434091010E-3
3.814497087134E2,5.814404379834E-3
3.810131546574E2,5.823374668657E-3
3.805766006013E2,5.832344957481E-3
3.801400465452E2,5.841315246304E-3
3.797034924891E2,5.850285535128E-3
3.792669384330E2,5.859255823952E-3
3.788303843769E2,5.868226112775E-3
3.783938303209E2,5.877196401599E-3
3.779572762648E2,5.886166690422E-3
3.775207222087E2,5.895136979246E-3
3.770841681526E2,5.904107268070E-3
3.766476140965E2,5.913077556893E-3
3.762110600405E2,5.922047845717E-3
3.757745059844E2,5.931018134540E-3
3.753379519283E2,5.939988423364E-3
3.749013978722E2,5.948958712188E-3
3.744648438161E2,5.957929001011E-3
3.740282897601E2,5.966899289835E-3
3.735917357040E2,5.975869578658E-3
3.731551816479E2,5.984839867482E-3
3.727186275918E2,5.993810156305E-3
3.722820735357E2,6.002780445129E-3
3.718455194796E2,6.011750733953E-3
3.714089654236E2,6.020721022776E-3
3.709724113675E2,6.029691311600E-3
3.705358573114E2,6.038661600423E-3
3.700993032553E2,6.047631889247E-3
3.696627491992E2,6.056602178071E-3
3.692262262900E2,6.024832405154E-3
3.687897656744E2,5.911582508756E-3
3.683533829259E2,5.696482458007E-3
3.679170936180E2,5.359162222037E-3
3.674807264429E2,5.123692140418E-3
3.670441723868E2,5.132662429241E-3
3.666076183307E2,5.141632718065E-3
3.661710642747E2,5.150603006888E-3
3.657345102186E2,5.159573295712E-3
3.652979561625E2,5.168543584535E-3
3.648614021064E2,5.177513873359E-3
3.644248480503E2,5.186484162183E-3
3.639882939943E2,5.195454451006E-3
3.635517399382E2,5.204424739830E-3
3.631151858821E2,5.213395028653E-3
3.626786318260E2,5.222365317477E-3
3.622420777699E2,5.231335606301E-3
3.618055237138E2,5.240305895124E-3
3.613689696578E2,5.249276183948E-3
3.609324156017E2,5.258246472771E-3
3.604958615456E2,5.267216761595E-3
3.600593074895E2,5.276187050418E-3
3.596227534334E2,5.285157339242E-3
3.591861993774E2,5.294127628066E-3
3.587496453213E2,5.303097916889E-3
3.583130912652E2,5.312068205713E-3
3.578765372091E2,5.321038494536E-3
3.574399831530E2,5.330008783360E-3
3.570034290970E2,5.338979072184E-3
3.565668750409E2,5.347949361007E-3
3.561303209848E2,5.356919649831E-3
3.556937669287E2,5.365889938654E-3
3.552572128726E2,5.374860227478E-3
3.548206588165E2,5.383830516302E-3
3.543841047605E2,5.392800805125E-3
3.539475507044E2,5.401771093949E-3
3.535109966483E2,5.410741382772E-3
3.530744425922E2,5.419711671596E-3
3.526378885361E2,5.428681960419E-3
3.522013344801E2,5.437652249243E-3
3.516677684115E2,5.448615935583E-3
