8.505292845449E2,-6.757455406424E-3
8.498729584127E2,-4.788477009647E-3
8.494364043566E2,-4.779506720823E-3
8.489998503005E2,-4.770536432000E-3
8.485632962444E2,-4.761566143176E-3
8.481267421884E2,-4.752595854352E-3
8.476901881323E2,-4.743625565529E-3
8.472536340762E2,-4.734655276705E-3
8.468170800201E2,-4.725684987882E-3
8.463805259640E2,-4.716714699058E-3
8.459439719080E2,-4.707744410234E-3
8.455074178519E2,-4.698774121411E-3
8.450708637958E2,-4.689803832587E-3
8.446343097397E2,-4.680833543764E-3
8.441977556836E2,-4.671863254940E-3
8.437612016276E2,-4.662892966117E-3
8.433246475715E2,-4.653922677293E-3
8.428880935154E2,-4.644952388469E-3
8.424515394593E2,-4.635982099646E-3
8.420149854032E2,-4.627011810822E-3
8.415784313471E2,-4.618041521999E-3
8.411418772911E2,-4.609071233175E-3
8.407053232350E2,-4.600100944351E-3
8.402687691789E2,-4.591130655528E-3
8.398322151228E2,-4.582160366704E-3
8.393956610667E2,-4.573190077881E-3
8.389591070107E2,-4.564219789057E-3
8.385225529546E2,-4.555249500234E-3
8.380859988985E2,-4.546279211410E-3
8.376494448424E2,-4.537308922586E-3
8.372128907863E2,-4.528338633763E-3
8.367763367303E2,-4.519368344939E-3
8.363397826742E2,-4.510398056116E-3
8.359032286181E2,-4.501427767292E-3
8.354666745620E2,-4.492457478468E-3
8.350301205059E2,-4.483487189645E-3
8.345935664498E2,-4.474516900821E-3
8.341570123938E2,-4.465546611998E-3
8.337204583377E2,-4.456576323174E-3
8.332839042816E2,-4.447606034350E-3
8.328473502255E2,-4.438635745527E-3
8.324107961694E2,-4.429665456703E-3
8.319742421134E2,-4.420695167880E-3
8.315376880573E2,-4.411724879056E-3
8.311011340012E2,-4.402754590233E-3
8.306645799451E2,-4.393784301409E-3
8.302280258890E2,-4.384814012585E-3
8.297914718330E2,-4.375843723762E-3
8.293549177769E2,-4.366873434938E-3
8.289183637208E2,-4.357903146115E-3
8.284818096647E2,-4.348932857291E-3
8.280452556086E2,-4.339962568467E-3
8.276087015525E2,-4.330992279644E-3
8.271721474965E2,-4.322021990820E-3
8.267355934404E2,-4.313051701997E-3
8.262990393843E2,-4.304081413173E-3
8.258624853282E2,-4.295111124349E-3
8.254259312721E2,-4.286140835526E-3
8.249893772161E2,-4.277170546702E-3
8.245528231600E2,-4.268200257879E-3
8.241162691039E2,-4.259229969055E-3
8.236797150478E2,-4.250259680232E-3
8.232431609917E2,-4.241289391408E-3
8.228066069357E2,-4.232319102584E-3
8.223700528796E2,-4.223348813761E-3
8.219334988235E2,-4.214378524937E-3
8.214969447674E2,-4.205408236114E-3
8.210603907113E2,-4.196437947290E-3
8.206238366552E2,-4.187467658466E-3
8.201872825992E2,-4.178497369643E-3
8.197507285431E2,-4.169527080819E-3
8.193141744870E2,-4.160556791996E-3
8.188776204309E2,-4.151586503172E-3
8.184410663748E2,-4.142616214348E-3
8.180045123188E2,-4.133645925525E-3
8.175679582627E2,-4.124675636701E-3
8.171314042066E2,-4.115705347878E-3
8.166948501505E2,-4.106735059054E-3
8.162582960944E2,-4.097764770231E-3
8.158217420384E2,-4.088794481407E-3
8.153851879823E2,-4.079824192583E-3
8.149486339262E2,-4.070853903760E-3
8.145120798701E2,-4.061883614936E-3
8.140755258140E2,-4.052913326113E-3
8.136389717579E2,-4.043943037289E-3
8.132024177019E2,-4.034972748465E-3
8.127658636458E2,-4.026002459642E-3
8.123293095897E2,-4.017032170818E-3
8.118927555336E2,-4.008061881995E-3
8.114562014775E2,-3.999091593171E-3
8.110196474215E2,-3.990121304347E-3
8.105830933654E2,-3.981151015524E-3
8.101465393093E2,-3.972180726700E-3
8.097099852532E2,-3.963210437877E-3
8.092734311971E2,-3.954240149053E-3
8.088368771411E2,-3.945269860230E-3
8.084003230850E2,-3.936299571406E-3
8.079637690289E2,-3.927329282582E-3
8.075272149728E2,-3.918358993759E-3
8.070906609167E2,-3.909388704935E-3
8.066541068606E2,-3.900418416112E-3
8.062175528046E2,-3.891448127288E-3
8.057809987485E2,-3.882477838464E-3
8.053444446924E2,-3.873507549641E-3
8.049078906363E2,-3.864537260817E-3
8.044713365802E2,-3.855566971994E-3
8.040347825242E2,-3.846596683170E-3
8.035982284681E2,-3.837626394346E-3
8.031616744120E2,-3.828656105523E-3
8.027251203559E2,-3.819685816699E-3
8.022885662998E2,-3.810715527876E-3
8.018520122438E2,-3.801745239052E-3
8.013608889307E2,-3.791653664126E-3
8.022885662998E2,-3.810715527876E-3
8.018520122438E2,-3.801745239052E-3
8.013608889307E2,-3.791653664126E-3
8.010021550965E2,-4.399641686433E-3
8.003120711333E2,-3.933060300442E-3
7.996692419633E2,-3.756893794934E-3
7.992326879073E2,-3.747923506111E-3
7.987961338512E2,-3.738953217287E-3
7.983595797951E2,-3.729982928463E-3
7.979230257390E2,-3.721012639640E-3
7.974864716829E2,-3.712042350816E-3
7.970499176269E2,-3.703072061993E-3
7.966133635708E2,-3.694101773169E-3
7.961768095147E2,-3.685131484346E-3
7.957402554586E2,-3.676161195522E-3
7.953037014025E2,-3.667190906698E-3
7.948671473465E2,-3.658220617875E-3
7.944305932904E2,-3.649250329051E-3
7.939940392343E2,-3.640280040228E-3
7.935574851782E2,-3.631309751404E-3
7.931209311221E2,-3.622339462580E-3
7.926843770660E2,-3.613369173757E-3
7.922478230100E2,-3.604398884933E-3
7.918112689539E2,-3.595428596110E-3
7.913747148978E2,-3.586458307286E-3
7.909381608417E2,-3.577488018462E-3
7.905016067856E2,-3.568517729639E-3
7.900650527296E2,-3.559547440815E-3
7.896284986735E2,-3.550577151992E-3
7.891919446174E2,-3.541606863168E-3
7.887553905613E2,-3.532636574345E-3
7.883188365052E2,-3.523666285521E-3
7.878822824492E2,-3.514695996697E-3
7.874457283931E2,-3.505725707874E-3
7.870091743370E2,-3.496755419050E-3
7.865726202809E2,-3.487785130227E-3
7.861360662248E2,-3.478814841403E-3
7.856995121687E2,-3.469844552579E-3
7.852629581127E2,-3.460874263756E-3
7.848264040566E2,-3.451903974932E-3
7.843898500005E2,-3.442933686109E-3
7.839532959444E2,-3.433963397285E-3
7.835167418883E2,-3.424993108461E-3
7.830801878323E2,-3.416022819638E-3
7.826436337762E2,-3.407052530814E-3
7.822070797201E2,-3.398082241991E-3
7.817705256640E2,-3.389111953167E-3
7.813339716079E2,-3.380141664344E-3
7.808974175519E2,-3.371171375520E-3
7.804608634958E2,-3.362201086696E-3
7.800243094397E2,-3.353230797873E-3
7.795877553836E2,-3.344260509049E-3
7.791512013275E2,-3.335290220226E-3
7.787146472714E2,-3.326319931402E-3
7.782780932154E2,-3.317349642578E-3
7.778415391593E2,-3.308379353755E-3
7.774049851032E2,-3.299409064931E-3
7.769684310471E2,-3.290438776108E-3
7.765318769910E2,-3.281468487284E-3
7.760953229350E2,-3.272498198460E-3
7.756587688789E2,-3.263527909637E-3
7.752222148228E2,-3.254557620813E-3
7.747856607667E2,-3.245587331990E-3
7.743491067106E2,-3.236617043166E-3
7.739125526546E2,-3.227646754343E-3
7.734759985985E2,-3.218676465519E-3
7.730394445424E2,-3.209706176695E-3
7.726028904863E2,-3.200735887872E-3
7.721663364302E2,-3.191765599048E-3
7.717297823741E2,-3.182795310225E-3
7.712932283181E2,-3.173825021401E-3
7.708566742620E2,-3.164854732577E-3
7.704201202059E2,-3.155884443754E-3
7.699835661498E2,-3.146914154930E-3
7.695470120937E2,-3.137943866107E-3
7.691104580377E2,-3.128973577283E-3
7.686739039816E2,-3.120003288459E-3
7.682373499255E2,-3.111032999636E-3
7.678007958694E2,-3.102062710812E-3
7.673642418133E2,-3.093092421989E-3
7.669276877573E2,-3.084122133165E-3
7.664911337012E2,-3.075151844342E-3
7.660545796451E2,-3.066181555518E-3
7.656180255890E2,-3.057211266694E-3
7.651814715329E2,-3.048240977871E-3
7.647449174768E2,-3.039270689047E-3
7.643083634208E2,-3.030300400224E-3
7.638718093647E2,-3.021330111400E-3
7.634352553086E2,-3.012359822576E-3
7.629987012525E2,-3.003389533753E-3
7.625621471964E2,-2.994419244929E-3
7.621255931404E2,-2.985448956106E-3
7.616890390843E2,-2.976478667282E-3
7.612524850282E2,-2.967508378459E-3
7.608159309721E2,-2.958538089635E-3
7.603793769160E2,-2.949567800811E-3
7.599428228600E2,-2.940597511988E-3
7.595062688039E2,-2.931627223164E-3
7.590697147478E2,-2.922656934341E-3
7.586331606917E2,-2.913686645517E-3
7.581966066356E2,-2.904716356693E-3
7.577600525795E2,-2.895746067870E-3
7.573234985235E2,-2.886775779046E-3
7.568869444674E2,-2.877805490223E-3
7.564503904113E2,-2.868835201399E-3
7.560138363552E2,-2.859864912575E-3
7.555772822991E2,-2.850894623752E-3
7.551407282431E2,-2.841924334928E-3
7.547041741870E2,-2.832954046105E-3
7.542676201309E2,-2.823983757281E-3
7.538310660748E2,-2.815013468458E-3
7.533945120187E2,-2.806043179634E-3
7.529579579627E2,-2.797072890810E-3
7.525214039066E2,-2.788102601987E-3
7.520848498505E2,-2.779132313163E-3
7.516482957944E2,-2.770162024340E-3
7.511014271198E2,-3.123950215542E-3
7.520848498505E2,-2.779132313163E-3
7.516482957944E2,-2.770162024340E-3
7.511014271198E2,-3.123950215542E-3
7.506881758807E2,-3.141531981636E-3
7.499020795701E2,-2.734280869045E-3
7.494655255140E2,-2.725310580222E-3
7.490289714579E2,-2.716340291398E-3
7.485924174018E2,-2.707370002574E-3
7.481558633458E2,-2.698399713751E-3
7.477193092897E2,-2.689429424927E-3
7.472827552336E2,-2.680459136104E-3
7.468462011775E2,-2.671488847280E-3
7.464096471214E2,-2.662518558457E-3
7.459730930654E2,-2.653548269633E-3
7.455365390093E2,-2.644577980809E-3
7.450999849532E2,-2.635607691986E-3
7.446634308971E2,-2.626637403162E-3
7.442268768410E2,-2.617667114339E-3
7.437903227849E2,-2.608696825515E-3
7.433537687289E2,-2.599726536691E-3
7.429172146728E2,-2.590756247868E-3
7.424806606167E2,-2.581785959044E-3
7.420441065606E2,-2.572815670221E-3
7.416075525045E2,-2.563845381397E-3
7.411709984485E2,-2.554875092573E-3
7.407344443924E2,-2.545904803750E-3
7.402978903363E2,-2.536934514926E-3
7.398613362802E2,-2.527964226103E-3
7.394247822241E2,-2.518993937279E-3
7.389882281681E2,-2.510023648456E-3
7.385516741120E2,-2.501053359632E-3
7.381151200559E2,-2.492083070808E-3
7.376785659998E2,-2.483112781985E-3
7.372420119437E2,-2.474142493161E-3
7.368054578876E2,-2.465172204338E-3
7.363689038316E2,-2.456201915514E-3
7.359323497755E2,-2.447231626690E-3
7.354957957194E2,-2.438261337867E-3
7.350592416633E2,-2.429291049043E-3
7.346226876072E2,-2.420320760220E-3
7.341861335512E2,-2.411350471396E-3
7.337495794951E2,-2.402380182572E-3
7.333130254390E2,-2.393409893749E-3
7.328764713829E2,-2.384439604925E-3
7.324399173268E2,-2.375469316102E-3
7.320033632708E2,-2.366499027278E-3
7.315668092147E2,-2.357528738455E-3
7.311302551586E2,-2.348558449631E-3
7.306937011025E2,-2.339588160807E-3
7.302571470464E2,-2.330617871984E-3
7.298205929903E2,-2.321647583160E-3
7.293840389343E2,-2.312677294337E-3
7.289474848782E2,-2.303707005513E-3
7.285109308221E2,-2.294736716689E-3
7.280743767660E2,-2.285766427866E-3
7.276378227099E2,-2.276796139042E-3
7.272012686539E2,-2.267825850219E-3
7.267647145978E2,-2.258855561395E-3
7.263281605417E2,-2.249885272571E-3
7.258916064856E2,-2.240914983748E-3
7.254550524295E2,-2.231944694924E-3
7.250184983735E2,-2.222974406101E-3
7.245819443174E2,-2.214004117277E-3
7.241453902613E2,-2.205033828454E-3
7.237088362052E2,-2.196063539630E-3
7.232722821491E2,-2.187093250806E-3
7.228357280930E2,-2.178122961983E-3
7.223991740370E2,-2.169152673159E-3
7.219626199809E2,-2.160182384336E-3
7.215260659248E2,-2.151212095512E-3
7.210895118687E2,-2.142241806688E-3
7.206529578126E2,-2.133271517865E-3
7.202164037566E2,-2.124301229041E-3
7.197798497005E2,-2.115330940218E-3
7.193432956444E2,-2.106360651394E-3
7.189067415883E2,-2.097390362571E-3
7.184701875322E2,-2.088420073747E-3
7.180336334762E2,-2.079449784923E-3
7.175970794201E2,-2.070479496100E-3
7.171605253640E2,-2.061509207276E-3
7.167239713079E2,-2.052538918453E-3
7.162874172518E2,-2.043568629629E-3
7.158508631957E2,-2.034598340805E-3
7.154143091397E2,-2.025628051982E-3
7.149777550836E2,-2.016657763158E-3
7.145412010275E2,-2.007687474335E-3
7.141046469714E2,-1.998717185511E-3
7.136680929153E2,-1.989746896687E-3
7.132315388593E2,-1.980776607864E-3
7.127949848032E2,-1.971806319040E-3
7.123584307471E2,-1.962836030217E-3
7.119218766910E2,-1.953865741393E-3
7.114853226349E2,-1.944895452570E-3
7.110487685789E2,-1.935925163746E-3
7.106122145228E2,-1.926954874922E-3
7.101756604667E2,-1.917984586099E-3
7.097391064106E2,-1.909014297275E-3
7.093025523545E2,-1.900044008452E-3
7.088659982984E2,-1.891073719628E-3
7.084294442424E2,-1.882103430804E-3
7.079928901863E2,-1.873133141981E-3
7.075563361302E2,-1.864162853157E-3
7.071197820741E2,-1.855192564334E-3
7.066832280180E2,-1.846222275510E-3
7.062466739620E2,-1.837251986686E-3
7.058101199059E2,-1.828281697863E-3
7.053735658498E2,-1.819311409039E-3
7.049370117937E2,-1.810341120216E-3
7.045004577376E2,-1.801370831392E-3
7.040639036816E2,-1.792400542569E-3
7.036273496255E2,-1.783430253745E-3
7.031907955694E2,-1.774459964921E-3
7.027542415133E2,-1.765489676098E-3
7.023176874572E2,-1.756519387274E-3
7.018811334011E2,-1.747549098451E-3
7.013900100881E2,-1.737457523524E-3
7.023176874572E2,-1.756519387274E-3
7.018811334011E2,-1.747549098451E-3
7.013900100881E2,-1.737457523524E-3
7.010312762539E2,-2.345445545831E-3
7.003411922906E2,-1.878864159840E-3
6.996983631207E2,-1.702697654333E-3
6.992618090647E2,-1.693727365509E-3
6.988252550086E2,-1.684757076685E-3
6.983887009525E2,-1.675786787862E-3
6.979521468964E2,-1.666816499038E-3
6.975155928403E2,-1.657846210215E-3
6.970790387843E2,-1.648875921391E-3
6.966424847282E2,-1.639905632568E-3
6.962059306721E2,-1.630935343744E-3
6.957693766160E2,-1.621965054920E-3
6.953328225599E2,-1.612994766097E-3
6.948962685038E2,-1.604024477273E-3
6.944597144478E2,-1.595054188450E-3
6.940231603917E2,-1.586083899626E-3
6.935866063356E2,-1.577113610802E-3
6.931500522795E2,-1.568143321979E-3
6.927134982234E2,-1.559173033155E-3
6.922769441674E2,-1.550202744332E-3
6.918403901113E2,-1.541232455508E-3
6.914038360552E2,-1.532262166684E-3
6.909672819991E2,-1.523291877861E-3
6.905307279430E2,-1.514321589037E-3
6.900941738870E2,-1.505351300214E-3
6.896576198309E2,-1.496381011390E-3
6.892210657748E2,-1.487410722567E-3
6.887845117187E2,-1.478440433743E-3
6.883479576626E2,-1.469470144919E-3
6.879114036065E2,-1.460499856096E-3
6.874748495505E2,-1.451529567272E-3
6.870382954944E2,-1.442559278449E-3
6.866017414383E2,-1.433588989625E-3
6.861651873822E2,-1.424618700801E-3
6.857286333261E2,-1.415648411978E-3
6.852920792701E2,-1.406678123154E-3
6.848555252140E2,-1.397707834331E-3
6.844189711579E2,-1.388737545507E-3
6.839824171018E2,-1.379767256684E-3
6.835458630457E2,-1.370796967860E-3
6.831093089896E2,-1.361826679036E-3
6.826727549336E2,-1.352856390213E-3
6.822362008775E2,-1.343886101389E-3
6.817996468214E2,-1.334915812566E-3
6.813630927653E2,-1.325945523742E-3
6.809265387092E2,-1.316975234918E-3
6.804899846532E2,-1.308004946095E-3
6.800534305971E2,-1.299034657271E-3
6.796168765410E2,-1.290064368448E-3
6.791803224849E2,-1.281094079624E-3
6.787437684288E2,-1.272123790800E-3
6.783072143728E2,-1.263153501977E-3
6.778706603167E2,-1.254183213153E-3
6.774341062606E2,-1.245212924330E-3
6.769975522045E2,-1.236242635506E-3
6.765609981484E2,-1.227272346683E-3
6.761244440923E2,-1.218302057859E-3
6.756878900363E2,-1.209331769035E-3
6.752513359802E2,-1.200361480212E-3
6.748147819241E2,-1.191391191388E-3
6.743782278680E2,-1.182420902565E-3
6.739416738119E2,-1.173450613741E-3
6.735051197559E2,-1.164480324917E-3
6.730685656998E2,-1.155510036094E-3
6.726320116437E2,-1.146539747270E-3
6.721954575876E2,-1.137569458447E-3
6.717589035315E2,-1.128599169623E-3
6.713223494755E2,-1.119628880799E-3
6.708857954194E2,-1.110658591976E-3
6.704492413633E2,-1.101688303152E-3
6.700126873072E2,-1.092718014329E-3
6.695761332511E2,-1.083747725505E-3
6.691395791950E2,-1.074777436682E-3
6.687030251390E2,-1.065807147858E-3
6.682664710829E2,-1.056836859034E-3
6.678299170268E2,-1.047866570211E-3
6.673933629707E2,-1.038896281387E-3
6.669568089146E2,-1.029925992564E-3
6.665202548586E2,-1.020955703740E-3
6.660837008025E2,-1.011985414916E-3
6.656471467464E2,-1.003015126093E-3
6.652105926903E2,-9.940448372692E-4
6.647740386342E2,-9.850745484456E-4
6.643374845782E2,-9.761042596221E-4
6.639009305221E2,-9.671339707985E-4
6.634643764660E2,-9.581636819749E-4
6.630278224099E2,-9.491933931513E-4
6.625912683538E2,-9.402231043277E-4
6.621547142977E2,-9.312528155041E-4
6.617181602417E2,-9.222825266805E-4
6.612816061856E2,-9.133122378569E-4
6.608450521295E2,-9.043419490334E-4
6.604084980734E2,-8.953716602098E-4
6.599719440173E2,-8.864013713862E-4
6.595353899613E2,-8.774310825626E-4
6.590988359052E2,-8.684607937390E-4
6.586622818491E2,-8.594905049154E-4
6.582257277930E2,-8.505202160918E-4
6.577891737369E2,-8.415499272682E-4
6.573526196809E2,-8.325796384447E-4
6.569160656248E2,-8.236093496211E-4
6.564795115687E2,-8.146390607975E-4
6.560429575126E2,-8.056687719739E-4
6.556064034565E2,-7.966984831503E-4
6.551698494004E2,-7.877281943267E-4
6.547332953444E2,-7.787579055031E-4
6.542967412883E2,-7.697876166795E-4
6.538601872322E2,-7.608173278560E-4
6.534236331761E2,-7.518470390324E-4
6.529870791200E2,-7.428767502088E-4
6.525505250640E2,-7.339064613852E-4
6.521139710079E2,-7.249361725616E-4
6.516774169518E2,-7.159658837380E-4
6.511862936387E2,-7.058743088115E-4
6.521139710079E2,-7.249361725616E-4
6.516774169518E2,-7.159658837380E-4
6.511862936387E2,-7.058743088115E-4
6.508275598045E2,-1.313862331118E-3
6.501374758413E2,-8.472809451278E-4
6.494946466714E2,-6.711144396201E-4
6.490580926153E2,-6.621441507965E-4
6.486215385592E2,-6.531738619729E-4
6.481849845031E2,-6.442035731493E-4
6.477484304471E2,-6.352332843257E-4
6.473118763910E2,-6.262629955021E-4
6.468753223349E2,-6.172927066786E-4
6.464387682788E2,-6.083224178550E-4
6.460022142227E2,-5.993521290314E-4
6.455656601667E2,-5.903818402078E-4
6.451291061106E2,-5.814115513842E-4
6.446925520545E2,-5.724412625606E-4
6.442559979984E2,-5.634709737370E-4
6.438194439423E2,-5.545006849134E-4
6.433828898863E2,-5.455303960899E-4
6.429463358302E2,-5.365601072663E-4
6.425097817741E2,-5.275898184427E-4
6.420732277180E2,-5.186195296191E-4
6.416366736619E2,-5.096492407955E-4
6.412001196058E2,-5.006789519719E-4
6.407635655498E2,-4.917086631483E-4
6.403270114937E2,-4.827383743247E-4
6.398904574376E2,-4.737680855012E-4
6.394539033815E2,-4.647977966776E-4
6.390173493254E2,-4.558275078540E-4
6.385807952694E2,-4.468572190304E-4
6.381442412133E2,-4.378869302068E-4
6.377076871572E2,-4.289166413832E-4
6.372711331011E2,-4.199463525596E-4
6.368345790450E2,-4.109760637360E-4
6.363980249890E2,-4.020057749125E-4
6.359614709329E2,-3.930354860889E-4
6.355249168768E2,-3.840651972653E-4
6.350883628207E2,-3.750949084417E-4
6.346518087646E2,-3.661246196181E-4
6.342152547085E2,-3.571543307945E-4
6.337787006525E2,-3.481840419709E-4
6.333421465964E2,-3.392137531473E-4
6.329055925403E2,-3.302434643238E-4
6.324690384842E2,-3.212731755002E-4
6.320324844281E2,-3.123028866766E-4
6.315959303721E2,-3.033325978530E-4
6.311593763160E2,-2.943623090294E-4
6.307228222599E2,-2.853920202058E-4
6.302862682038E2,-2.764217313822E-4
6.298497141477E2,-2.674514425586E-4
6.294131600917E2,-2.584811537351E-4
6.289766060356E2,-2.495108649115E-4
6.285400519795E2,-2.405405760879E-4
6.281034979234E2,-2.315702872643E-4
6.276669438673E2,-2.225999984407E-4
6.272303898112E2,-2.136297096171E-4
6.267938357552E2,-2.046594207935E-4
6.263572816991E2,-1.956891319699E-4
6.259207276430E2,-1.867188431464E-4
6.254841735869E2,-1.777485543228E-4
6.250476195308E2,-1.687782654992E-4
6.246110654748E2,-1.598079766756E-4
6.241745114187E2,-1.508376878520E-4
6.237379573626E2,-1.418673990284E-4
6.233014033065E2,-1.328971102048E-4
6.228648492504E2,-1.239268213812E-4
6.224282951944E2,-1.149565325577E-4
6.219917411383E2,-1.059862437341E-4
6.215551870822E2,-9.701595491048E-5
6.211186330261E2,-8.804566608689E-5
6.206820789700E2,-7.907537726330E-5
6.202455249139E2,-7.010508843971E-5
6.198089708579E2,-6.113479961613E-5
6.193724168018E2,-5.216451079254E-5
6.189358627457E2,-4.319422196895E-5
6.184993086896E2,-3.422393314536E-5
6.180627546335E2,-2.525364432178E-5
6.176262005775E2,-1.628335549819E-5
6.171896465214E2,-7.313066674601E-6
6.167530924653E2,1.657222148987E-6
6.163165384092E2,1.062751097257E-5
6.158799843531E2,1.959779979616E-5
6.154434302971E2,2.856808861975E-5
6.150068762410E2,3.753837744334E-5
6.145703221849E2,4.650866626692E-5
6.141337681288E2,5.547895509051E-5
6.136972140727E2,6.444924391410E-5
6.132606600166E2,7.341953273769E-5
6.128241059606E2,8.238982156127E-5
6.123875519045E2,9.136011038486E-5
6.119509978484E2,1.003303992084E-4
6.115144437923E2,1.093006880320E-4
6.110778897362E2,1.182709768556E-4
6.106413356802E2,1.272412656792E-4
6.102047816241E2,1.362115545028E-4
6.097682275680E2,1.451818433264E-4
6.093316735119E2,1.541521321500E-4
6.088951194558E2,1.631224209736E-4
6.084585653998E2,1.720927097972E-4
6.080220113437E2,1.810629986207E-4
6.075854572876E2,1.900332874443E-4
6.071489032315E2,1.990035762679E-4
6.067123491754E2,2.079738650915E-4
6.062757951193E2,2.169441539151E-4
6.058392410633E2,2.259144427387E-4
6.054026870072E2,2.348847315623E-4
6.049661329511E2,2.438550203859E-4
6.045295788950E2,2.528253092094E-4
6.040930248389E2,2.617955980330E-4
6.036564707829E2,2.707658868566E-4
6.032199167268E2,2.797361756802E-4
6.027833626707E2,2.887064645038E-4
6.023468086146E2,2.976767533274E-4
6.019102545585E2,3.066470421510E-4
6.014737005025E2,3.156173309746E-4
6.009643874370E2,3.260826679354E-4
6.002865425786E2,-1.197761686276E-5
5.997274842781E2,3.514984862689E-4
5.992909302220E2,3.604687750925E-4
6.002749111041E2,-2.477522891796E-5
5.997274842781E2,3.514984862689E-4
5.992909302220E2,3.604687750925E-4
5.988543761660E2,3.694390639161E-4
5.984178221099E2,3.784093527397E-4
5.979812680538E2,3.873796415633E-4
5.975447139977E2,3.963499303868E-4
5.971081599416E2,4.053202192104E-4
5.966716058856E2,4.142905080340E-4
5.962350518295E2,4.232607968576E-4
5.957984977734E2,4.322310856812E-4
5.953619437173E2,4.412013745048E-4
5.949253896612E2,4.501716633284E-4
5.944888356052E2,4.591419521520E-4
5.940522815491E2,4.681122409755E-4
5.936157274930E2,4.770825297991E-4
5.931791734369E2,4.860528186227E-4
5.927426193808E2,4.950231074463E-4
5.923060653247E2,5.039933962699E-4
5.918695112687E2,5.129636850935E-4
5.914329572126E2,5.219339739171E-4
5.909964031565E2,5.309042627407E-4
5.905598491004E2,5.398745515642E-4
5.901232950443E2,5.488448403878E-4
5.896867409883E2,5.578151292114E-4
5.892501869322E2,5.667854180350E-4
5.888136328761E2,5.757557068586E-4
5.883770788200E2,5.847259956822E-4
5.879405247639E2,5.936962845058E-4
5.875039707079E2,6.026665733294E-4
5.870674166518E2,6.116368621529E-4
5.866308625957E2,6.206071509765E-4
5.861943085396E2,6.295774398001E-4
5.857577544835E2,6.385477286237E-4
5.853212004274E2,6.475180174473E-4
5.848846463714E2,6.564883062709E-4
5.844480923153E2,6.654585950945E-4
5.840115382592E2,6.744288839181E-4
5.835749842031E2,6.833991727416E-4
5.831384301470E2,6.923694615652E-4
5.827018760910E2,7.013397503888E-4
5.822653220349E2,7.103100392124E-4
5.818287679788E2,7.192803280360E-4
5.813922139227E2,7.282506168596E-4
5.809556598666E2,7.372209056832E-4
5.805191058106E2,7.461911945068E-4
5.800825517545E2,7.551614833303E-4
5.796459976984E2,7.641317721539E-4
5.792094436423E2,7.731020609775E-4
5.787728895862E2,7.820723498011E-4
5.783363355301E2,7.910426386247E-4
5.778997814741E2,8.000129274483E-4
5.774632274180E2,8.089832162719E-4
5.770266733619E2,8.179535050955E-4
5.765901193058E2,8.269237939190E-4
5.761535652497E2,8.358940827426E-4
5.757170111937E2,8.448643715662E-4
5.752804571376E2,8.538346603898E-4
5.748439030815E2,8.628049492134E-4
5.744073490254E2,8.717752380370E-4
5.739707949693E2,8.807455268606E-4
5.735342409133E2,8.897158156842E-4
5.730976868572E2,8.986861045077E-4
5.726611328011E2,9.076563933313E-4
5.722245787450E2,9.166266821549E-4
5.717880246889E2,9.255969709785E-4
5.713514706328E2,9.345672598021E-4
5.709149165768E2,9.435375486257E-4
5.704783625207E2,9.525078374493E-4
5.700418084646E2,9.614781262729E-4
5.696052544085E2,9.704484150964E-4
5.691687003524E2,9.794187039200E-4
5.687321462964E2,9.883889927436E-4
5.682955922403E2,9.973592815672E-4
5.678590381842E2,1.006329570391E-3
5.674224841281E2,1.015299859214E-3
5.669859300720E2,1.024270148038E-3
5.665493760160E2,1.033240436862E-3
5.661128219599E2,1.042210725685E-3
5.656762679038E2,1.051181014509E-3
5.652397138477E2,1.060151303332E-3
5.648031597916E2,1.069121592156E-3
5.643666057355E2,1.078091880979E-3
5.639300516795E2,1.087062169803E-3
5.634934976234E2,1.096032458627E-3
5.630569435673E2,1.105002747450E-3
5.626203895112E2,1.113973036274E-3
5.621838354551E2,1.122943325097E-3
5.617472813991E2,1.131913613921E-3
5.613107273430E2,1.140883902745E-3
5.608741732869E2,1.149854191568E-3
5.604376192308E2,1.158824480392E-3
5.600010651747E2,1.167794769215E-3
5.595645111187E2,1.176765058039E-3
5.591279570626E2,1.185735346863E-3
5.586914030065E2,1.194705635686E-3
5.582548489504E2,1.203675924510E-3
5.578182948943E2,1.212646213333E-3
5.573817408382E2,1.221616502157E-3
5.569451867822E2,1.230586790980E-3
5.565086327261E2,1.239557079804E-3
5.560720786700E2,1.248527368628E-3
5.556355246139E2,1.257497657451E-3
5.551989705578E2,1.266467946275E-3
5.547624165018E2,1.275438235098E-3
5.543258624457E2,1.284408523922E-3
5.538893083896E2,1.293378812746E-3
5.534527543335E2,1.302349101569E-3
5.530162002774E2,1.311319390393E-3
5.525796462214E2,1.320289679216E-3
5.521430921653E2,1.329259968040E-3
5.517065381092E2,1.338230256864E-3
5.511305915789E2,1.268585931136E-3
5.503745659071E2,7.502402832117E-4
5.500148911419E2,1.372990126055E-3
5.495237678288E2,1.383081700981E-3
5.490872137727E2,1.392051989805E-3
5.502814034953E2,7.302328905058E-4
5.495237678288E2,1.383081700981E-3
5.490872137727E2,1.392051989805E-3
5.486506597166E2,1.401022278629E-3
5.482141056605E2,1.409992567452E-3
5.477775516045E2,1.418962856276E-3
5.473409975484E2,1.427933145099E-3
5.469044434923E2,1.436903433923E-3
5.464678894362E2,1.445873722747E-3
5.460313353801E2,1.454844011570E-3
5.455947813241E2,1.463814300394E-3
5.451582272680E2,1.472784589217E-3
5.447216732119E2,1.481754878041E-3
5.442851191558E2,1.490725166865E-3
5.438485650997E2,1.499695455688E-3
5.434120110436E2,1.508665744512E-3
5.429754569876E2,1.517636033335E-3
5.425389029315E2,1.526606322159E-3
5.421023488754E2,1.535576610982E-3
5.416657948193E2,1.544546899806E-3
5.412292407632E2,1.553517188630E-3
5.407926867072E2,1.562487477453E-3
5.403561326511E2,1.571457766277E-3
5.399195785950E2,1.580428055100E-3
5.394830245389E2,1.589398343924E-3
5.390464704828E2,1.598368632748E-3
5.386099164268E2,1.607338921571E-3
5.381733623707E2,1.616309210395E-3
5.377368083146E2,1.625279499218E-3
5.373002542585E2,1.634249788042E-3
5.368637002024E2,1.643220076866E-3
5.364271461463E2,1.652190365689E-3
5.359905920903E2,1.661160654513E-3
5.355540380342E2,1.670130943336E-3
5.351174839781E2,1.679101232160E-3
5.346809299220E2,1.688071520983E-3
5.342443758659E2,1.697041809807E-3
5.338078218099E2,1.706012098631E-3
5.333712677538E2,1.714982387454E-3
5.329347136977E2,1.723952676278E-3
5.324981596416E2,1.732922965101E-3
5.320616055855E2,1.741893253925E-3
5.316250515295E2,1.750863542749E-3
5.311884974734E2,1.759833831572E-3
5.307519434173E2,1.768804120396E-3
5.303153893612E2,1.777774409219E-3
5.298788353051E2,1.786744698043E-3
5.294422812490E2,1.795714986867E-3
5.290057271930E2,1.804685275690E-3
5.285691731369E2,1.813655564514E-3
5.281326190808E2,1.822625853337E-3
5.276960650247E2,1.831596142161E-3
5.272595109686E2,1.840566430984E-3
5.268229569126E2,1.849536719808E-3
5.263864028565E2,1.858507008632E-3
5.259498488004E2,1.867477297455E-3
5.255132947443E2,1.876447586279E-3
5.250767406882E2,1.885417875102E-3
5.246401866322E2,1.894388163926E-3
5.242036325761E2,1.903358452750E-3
5.237670785200E2,1.912328741573E-3
5.233305244639E2,1.921299030397E-3
5.228939704078E2,1.930269319220E-3
5.224574163517E2,1.939239608044E-3
5.220208622957E2,1.948209896867E-3
5.215843082396E2,1.957180185691E-3
5.211477541835E2,1.966150474515E-3
5.207112001274E2,1.975120763338E-3
5.202746460713E2,1.984091052162E-3
5.198380920153E2,1.993061340985E-3
5.194015379592E2,2.002031629809E-3
5.189649839031E2,2.011001918633E-3
5.185284298470E2,2.019972207456E-3
5.180918757909E2,2.028942496280E-3
5.176553217349E2,2.037912785103E-3
5.172187676788E2,2.046883073927E-3
5.167822136227E2,2.055853362751E-3
5.163456595666E2,2.064823651574E-3
5.159091055105E2,2.073793940398E-3
5.154725514544E2,2.082764229221E-3
5.150359973984E2,2.091734518045E-3
5.145994433423E2,2.100704806868E-3
5.141628892862E2,2.109675095692E-3
5.137263352301E2,2.118645384516E-3
5.132897811740E2,2.127615673339E-3
5.128532271180E2,2.136585962163E-3
5.124166730619E2,2.145556250986E-3
5.119801190058E2,2.154526539810E-3
5.115435649497E2,2.163496828634E-3
5.111070108936E2,2.172467117457E-3
5.106704568376E2,2.181437406281E-3
5.102339027815E2,2.190407695104E-3
5.097973487254E2,2.199377983928E-3
5.093607946693E2,2.208348272752E-3
5.089242406132E2,2.217318561575E-3
5.084876865571E2,2.226288850399E-3
5.080511325011E2,2.235259139222E-3
5.076145784450E2,2.244229428046E-3
5.071780243889E2,2.253199716869E-3
5.067414703328E2,2.262170005693E-3
5.063049162767E2,2.271140294517E-3
5.058683622207E2,2.280110583340E-3
5.054318081646E2,2.289080872164E-3
5.049952541085E2,2.298051160987E-3
5.045587000524E2,2.307021449811E-3
5.041221459963E2,2.315991738635E-3
5.036855919403E2,2.324962027458E-3
5.032490378842E2,2.333932316282E-3
5.028124838281E2,2.342902605105E-3
5.023759297720E2,2.351872893929E-3
5.019393757159E2,2.360843182753E-3
5.015028216598E2,2.369813471576E-3
5.009268751295E2,2.300169145849E-3
5.001708494578E2,1.781823497924E-3
4.998111746925E2,2.404573340768E-3
4.993200513794E2,2.414664915694E-3
4.988834973234E2,2.423635204518E-3
5.000776870460E2,1.761816105218E-3
4.993200513794E2,2.414664915694E-3
4.988834973234E2,2.423635204518E-3
4.984469432673E2,2.432605493341E-3
4.980103892112E2,2.441575782165E-3
4.975738351551E2,2.450546070988E-3
4.971372810990E2,2.459516359812E-3
4.967007270430E2,2.468486648636E-3
4.962641729869E2,2.477456937459E-3
4.958276189308E2,2.486427226283E-3
4.953910648747E2,2.495397515106E-3
4.949545108186E2,2.504367803930E-3
4.945179567625E2,2.513338092754E-3
4.940814027065E2,2.522308381577E-3
4.936448486504E2,2.531278670401E-3
4.932082945943E2,2.540248959224E-3
4.927717405382E2,2.549219248048E-3
4.923351864821E2,2.558189536871E-3
4.918986324261E2,2.567159825695E-3
4.914620783700E2,2.576130114519E-3
4.910255243139E2,2.585100403342E-3
4.905889702578E2,2.594070692166E-3
4.901524162017E2,2.603040980989E-3
4.897158621457E2,2.612011269813E-3
4.892793080896E2,2.620981558637E-3
4.888427540335E2,2.629951847460E-3
4.884061999774E2,2.638922136284E-3
4.879696459213E2,2.647892425107E-3
4.875330918652E2,2.656862713931E-3
4.870965378092E2,2.665833002755E-3
4.866599837531E2,2.674803291578E-3
4.862234296970E2,2.683773580402E-3
4.857868756409E2,2.692743869225E-3
4.853503215848E2,2.701714158049E-3
4.849137675288E2,2.710684446872E-3
4.844772134727E2,2.719654735696E-3
4.840406594166E2,2.728625024520E-3
4.836041053605E2,2.737595313343E-3
4.831675513044E2,2.746565602167E-3
4.827309972484E2,2.755535890990E-3
4.822944431923E2,2.764506179814E-3
4.818578891362E2,2.773476468638E-3
4.814213350801E2,2.782446757461E-3
4.809847810240E2,2.791417046285E-3
4.805482269679E2,2.800387335108E-3
4.801116729119E2,2.809357623932E-3
4.796751188558E2,2.818327912755E-3
4.792385647997E2,2.827298201579E-3
4.788020107436E2,2.836268490403E-3
4.783654566875E2,2.845238779226E-3
4.779289026315E2,2.854209068050E-3
4.774923485754E2,2.863179356873E-3
4.770557945193E2,2.872149645697E-3
4.766192404632E2,2.881119934521E-3
4.761826864071E2,2.890090223344E-3
4.757461323511E2,2.899060512168E-3
4.753095782950E2,2.908030800991E-3
4.748730242389E2,2.917001089815E-3
4.744364701828E2,2.925971378639E-3
4.739999161267E2,2.934941667462E-3
4.735633620706E2,2.943911956286E-3
4.731268080146E2,2.952882245109E-3
4.726902539585E2,2.961852533933E-3
4.722536999024E2,2.970822822756E-3
4.718171458463E2,2.979793111580E-3
4.713805917902E2,2.988763400404E-3
4.709440377342E2,2.997733689227E-3
4.705074836781E2,3.006703978051E-3
4.700709296220E2,3.015674266874E-3
4.696343755659E2,3.024644555698E-3
4.691978215098E2,3.033614844522E-3
4.687612674538E2,3.042585133345E-3
4.683247133977E2,3.051555422169E-3
4.678881593416E2,3.060525710992E-3
4.674516052855E2,3.069495999816E-3
4.670150512294E2,3.078466288640E-3
4.665784971733E2,3.087436577463E-3
4.661419431173E2,3.096406866287E-3
4.657053890612E2,3.105377155110E-3
4.652688350051E2,3.114347443934E-3
4.648322809490E2,3.123317732757E-3
4.643957268929E2,3.132288021581E-3
4.639591728369E2,3.141258310405E-3
4.635226187808E2,3.150228599228E-3
4.630860647247E2,3.159198888052E-3
4.626495106686E2,3.168169176875E-3
4.622129566125E2,3.177139465699E-3
4.617764025565E2,3.186109754523E-3
4.613398485004E2,3.195080043346E-3
4.609032944443E2,3.204050332170E-3
4.604667403882E2,3.213020620993E-3
4.600301863321E2,3.221990909817E-3
4.595936322760E2,3.230961198641E-3
4.591570782200E2,3.239931487464E-3
4.587205241639E2,3.248901776288E-3
4.582839701078E2,3.257872065111E-3
4.578474160517E2,3.266842353935E-3
4.574108619956E2,3.275812642758E-3
4.569743079396E2,3.284782931582E-3
4.565377538835E2,3.293753220406E-3
4.561011998274E2,3.302723509229E-3
4.556646457713E2,3.311693798053E-3
4.552280917152E2,3.320664086876E-3
4.547915376592E2,3.329634375700E-3
4.543549836031E2,3.338604664524E-3
4.539184295470E2,3.347574953347E-3
4.534818754909E2,3.356545242171E-3
4.530453214348E2,3.365515530994E-3
4.526087673787E2,3.374485819818E-3
4.521722133227E2,3.383456108642E-3
4.517356592666E2,3.392426397465E-3
4.512991052105E2,3.401396686289E-3
4.507897921451E2,3.411862023250E-3
4.501119472866E2,3.073801738451E-3
4.495528889862E2,3.437277841583E-3
4.491163349301E2,3.446248130407E-3
4.501003158121E2,3.061004126396E-3
4.495528889862E2,3.437277841583E-3
4.491163349301E2,3.446248130407E-3
4.486797808740E2,3.455218419230E-3
4.482432268179E2,3.464188708054E-3
4.478066727619E2,3.473158996877E-3
4.473701187058E2,3.482129285701E-3
4.469335646497E2,3.491099574525E-3
4.464970105936E2,3.500069863348E-3
4.460604565375E2,3.509040152172E-3
4.456239024814E2,3.518010440995E-3
4.451873484254E2,3.526980729819E-3
4.447507943693E2,3.535951018642E-3
4.443142403132E2,3.544921307466E-3
4.438776862571E2,3.553891596290E-3
4.434411322010E2,3.562861885113E-3
4.430045781450E2,3.571832173937E-3
4.425680240889E2,3.580802462760E-3
4.421314700328E2,3.589772751584E-3
4.416949159767E2,3.598743040408E-3
4.412583619206E2,3.607713329231E-3
4.408218078646E2,3.616683618055E-3
4.403852538085E2,3.625653906878E-3
4.399486997524E2,3.634624195702E-3
4.395121456963E2,3.643594484526E-3
4.390755916402E2,3.652564773349E-3
4.386390375841E2,3.661535062173E-3
4.382024835281E2,3.670505350996E-3
4.377659294720E2,3.679475639820E-3
4.373293754159E2,3.688445928643E-3
4.368928213598E2,3.697416217467E-3
4.364562673037E2,3.706386506291E-3
4.360197132477E2,3.715356795114E-3
4.355831591916E2,3.724327083938E-3
4.351466051355E2,3.733297372761E-3
4.347100510794E2,3.742267661585E-3
4.342734970233E2,3.751237950409E-3
4.338369429673E2,3.760208239232E-3
4.334003889112E2,3.769178528056E-3
4.329638348551E2,3.778148816879E-3
4.325272807990E2,3.787119105703E-3
4.320907267429E2,3.796089394527E-3
4.316541726868E2,3.805059683350E-3
4.312176186308E2,3.814029972174E-3
4.307810645747E2,3.823000260997E-3
4.303445105186E2,3.831970549821E-3
4.299079564625E2,3.840940838644E-3
4.294714024064E2,3.849911127468E-3
4.290348483504E2,3.858881416292E-3
4.285982942943E2,3.867851705115E-3
4.281617402382E2,3.876821993939E-3
4.277251861821E2,3.885792282762E-3
4.272886321260E2,3.894762571586E-3
4.268520780700E2,3.903732860410E-3
4.264155240139E2,3.912703149233E-3
4.259789699578E2,3.921673438057E-3
4.255424159017E2,3.930643726880E-3
4.251058618456E2,3.939614015704E-3
4.246693077895E2,3.948584304528E-3
4.242327537335E2,3.957554593351E-3
4.237961996774E2,3.966524882175E-3
4.233596456213E2,3.975495170998E-3
4.229230915652E2,3.984465459822E-3
4.224865375091E2,3.993435748645E-3
4.220499834531E2,4.002406037469E-3
4.216134293970E2,4.011376326293E-3
4.211768753409E2,4.020346615116E-3
4.207403212848E2,4.029316903940E-3
4.203037672287E2,4.038287192763E-3
4.198672131727E2,4.047257481587E-3
4.194306591166E2,4.056227770411E-3
4.189941050605E2,4.065198059234E-3
4.185575510044E2,4.074168348058E-3
4.181209969483E2,4.083138636881E-3
4.176844428922E2,4.092108925705E-3
4.172478888362E2,4.101079214529E-3
4.168113347801E2,4.110049503352E-3
4.163747807240E2,4.119019792176E-3
4.159382266679E2,4.127990080999E-3
4.155016726118E2,4.136960369823E-3
4.150651185558E2,4.145930658646E-3
4.146285644997E2,4.154900947470E-3
4.141920104436E2,4.163871236294E-3
4.137554563875E2,4.172841525117E-3
4.133189023314E2,4.181811813941E-3
4.128823482754E2,4.190782102764E-3
4.124457942193E2,4.199752391588E-3
4.120092401632E2,4.208722680412E-3
4.115726861071E2,4.217692969235E-3
4.111361320510E2,4.226663258059E-3
4.106995779949E2,4.235633546882E-3
4.102630239389E2,4.244603835706E-3
4.098264698828E2,4.253574124530E-3
4.093899158267E2,4.262544413353E-3
4.089533617706E2,4.271514702177E-3
4.085168077145E2,4.280484991000E-3
4.080802536585E2,4.289455279824E-3
4.076436996024E2,4.298425568647E-3
4.072071455463E2,4.307395857471E-3
4.067705914902E2,4.316366146295E-3
4.063340374341E2,4.325336435118E-3
4.058974833781E2,4.334306723942E-3
4.054609293220E2,4.343277012765E-3
4.050243752659E2,4.352247301589E-3
4.045878212098E2,4.361217590413E-3
4.041512671537E2,4.370187879236E-3
4.037147130976E2,4.379158168060E-3
4.032781590416E2,4.388128456883E-3
